"split","class","output_image","output_label","source_image","random_seed"
"train","meteor","train/images/uaemmn_pos_train_000000.jpg","train/labels/uaemmn_pos_train_000000.txt","AlowaisEtAl_Meteord_Detection_YOLO/YOLO_UAEMMN_METEORS/M20190919_051841_SCASS_C8P.jpg","42"
"train","meteor","train/images/uaemmn_pos_train_000001.jpg","train/labels/uaemmn_pos_train_000001.txt","AlowaisEtAl_Meteord_Detection_YOLO/YOLO_UAEMMN_METEORS/M20211215_001501_YAHER_C16P.jpg","42"
"train","meteor","train/images/uaemmn_pos_train_000002.jpg","train/labels/uaemmn_pos_train_000002.txt","AlowaisEtAl_Meteord_Detection_YOLO/YOLO_UAEMMN_METEORS/M20211214_225536_Liwa_C14P.jpg","42"
"train","meteor","train/images/uaemmn_pos_train_000003.jpg","train/labels/uaemmn_pos_train_000003.txt","AlowaisEtAl_Meteord_Detection_YOLO/YOLO_UAEMMN_METEORS/M20211214_025737_Home_C2P.jpg","42"
"train","meteor","train/images/uaemmn_pos_train_000004.jpg","train/labels/uaemmn_pos_train_000004.txt","AlowaisEtAl_Meteord_Detection_YOLO/YOLO_UAEMMN_METEORS/M20201208_034324_Liwa_C1P.jpg","42"
"train","meteor","train/images/uaemmn_pos_train_000005.jpg","train/labels/uaemmn_pos_train_000005.txt","AlowaisEtAl_Meteord_Detection_YOLO/YOLO_UAEMMN_METEORS/M20220317_000629_YAHER_C11P.jpg","42"
"train","meteor","train/images/uaemmn_pos_train_000006.jpg","train/labels/uaemmn_pos_train_000006.txt","AlowaisEtAl_Meteord_Detection_YOLO/YOLO_UAEMMN_METEORS/M20221024_224008_Home_C14P.jpg","42"
"train","meteor","train/images/uaemmn_pos_train_000007.jpg","train/labels/uaemmn_pos_train_000007.txt","AlowaisEtAl_Meteord_Detection_YOLO/YOLO_UAEMMN_METEORS/M20191001_023608_SCASS_C4P.jpg","42"
"train","meteor","train/images/uaemmn_pos_train_000008.jpg","train/labels/uaemmn_pos_train_000008.txt","AlowaisEtAl_Meteord_Detection_YOLO/YOLO_UAEMMN_METEORS/M20190913_012621_SCASS_C2P.jpg","42"
"train","meteor","train/images/uaemmn_pos_train_000009.jpg","train/labels/uaemmn_pos_train_000009.txt","AlowaisEtAl_Meteord_Detection_YOLO/YOLO_UAEMMN_METEORS/M20200122_042237_SCASS_C2P.jpg","42"
"train","meteor","train/images/uaemmn_pos_train_000010.jpg","train/labels/uaemmn_pos_train_000010.txt","AlowaisEtAl_Meteord_Detection_YOLO/YOLO_UAEMMN_METEORS/M20191021_052616_SCASS_C3P.jpg","42"
"train","meteor","train/images/uaemmn_pos_train_000011.jpg","train/labels/uaemmn_pos_train_000011.txt","AlowaisEtAl_Meteord_Detection_YOLO/YOLO_UAEMMN_METEORS/M20211215_030144_Liwa_C01P.jpg","42"
"train","meteor","train/images/uaemmn_pos_train_000012.jpg","train/labels/uaemmn_pos_train_000012.txt","AlowaisEtAl_Meteord_Detection_YOLO/YOLO_UAEMMN_METEORS/M20191015_191114_SCASS_C1P.jpg","42"
"train","meteor","train/images/uaemmn_pos_train_000013.jpg","train/labels/uaemmn_pos_train_000013.txt","AlowaisEtAl_Meteord_Detection_YOLO/YOLO_UAEMMN_METEORS/M20220118_052533_YAHER_C11P.jpg","42"
"train","meteor","train/images/uaemmn_pos_train_000014.jpg","train/labels/uaemmn_pos_train_000014.txt","AlowaisEtAl_Meteord_Detection_YOLO/YOLO_UAEMMN_METEORS/M20200115_225011_SCASS_C4P.jpg","42"
"train","meteor","train/images/uaemmn_pos_train_000015.jpg","train/labels/uaemmn_pos_train_000015.txt","AlowaisEtAl_Meteord_Detection_YOLO/YOLO_UAEMMN_METEORS/M20220901_024812_YAHER_C16P.jpg","42"
"train","meteor","train/images/uaemmn_pos_train_000016.jpg","train/labels/uaemmn_pos_train_000016.txt","AlowaisEtAl_Meteord_Detection_YOLO/YOLO_UAEMMN_METEORS/M20211218_051348_Home_C8P.jpg","42"
"train","meteor","train/images/uaemmn_pos_train_000017.jpg","train/labels/uaemmn_pos_train_000017.txt","AlowaisEtAl_Meteord_Detection_YOLO/YOLO_UAEMMN_METEORS/M20190914_040131_SCASS_C1P.jpg","42"
"train","meteor","train/images/uaemmn_pos_train_000018.jpg","train/labels/uaemmn_pos_train_000018.txt","AlowaisEtAl_Meteord_Detection_YOLO/YOLO_UAEMMN_METEORS/M20211215_024316_Home_C11P.jpg","42"
"train","meteor","train/images/uaemmn_pos_train_000019.jpg","train/labels/uaemmn_pos_train_000019.txt","AlowaisEtAl_Meteord_Detection_YOLO/YOLO_UAEMMN_METEORS/M20191021_044747_SCASS_C4P.jpg","42"
"train","meteor","train/images/uaemmn_pos_train_000020.jpg","train/labels/uaemmn_pos_train_000020.txt","AlowaisEtAl_Meteord_Detection_YOLO/YOLO_UAEMMN_METEORS/M20191117_010107_SCASS_C4P.jpg","42"
"train","meteor","train/images/uaemmn_pos_train_000021.jpg","train/labels/uaemmn_pos_train_000021.txt","AlowaisEtAl_Meteord_Detection_YOLO/YOLO_UAEMMN_METEORS/M20191220_193924_Home_C10P.jpg","42"
"train","meteor","train/images/uaemmn_pos_train_000022.jpg","train/labels/uaemmn_pos_train_000022.txt","AlowaisEtAl_Meteord_Detection_YOLO/YOLO_UAEMMN_METEORS/M20191214_211101_Home_C8P.jpg","42"
"train","meteor","train/images/uaemmn_pos_train_000023.jpg","train/labels/uaemmn_pos_train_000023.txt","AlowaisEtAl_Meteord_Detection_YOLO/YOLO_UAEMMN_METEORS/M20190916_042551_Home_C11P.jpg","42"
"train","meteor","train/images/uaemmn_pos_train_000024.jpg","train/labels/uaemmn_pos_train_000024.txt","AlowaisEtAl_Meteord_Detection_YOLO/YOLO_UAEMMN_METEORS/M20200117_052206_SCASS_C14P.jpg","42"
"train","meteor","train/images/uaemmn_pos_train_000025.jpg","train/labels/uaemmn_pos_train_000025.txt","AlowaisEtAl_Meteord_Detection_YOLO/YOLO_UAEMMN_METEORS/M20211203_034050_Home_C1P.jpg","42"
"train","meteor","train/images/uaemmn_pos_train_000026.jpg","train/labels/uaemmn_pos_train_000026.txt","AlowaisEtAl_Meteord_Detection_YOLO/YOLO_UAEMMN_METEORS/M20211126_024036_YAHER_C16P.jpg","42"
"train","meteor","train/images/uaemmn_pos_train_000027.jpg","train/labels/uaemmn_pos_train_000027.txt","AlowaisEtAl_Meteord_Detection_YOLO/YOLO_UAEMMN_METEORS/M20190514_032203_Home_C5P.jpg","42"
"train","meteor","train/images/uaemmn_pos_train_000028.jpg","train/labels/uaemmn_pos_train_000028.txt","AlowaisEtAl_Meteord_Detection_YOLO/YOLO_UAEMMN_METEORS/M20191129_053300_SCASS_C2P.jpg","42"
"train","meteor","train/images/uaemmn_pos_train_000029.jpg","train/labels/uaemmn_pos_train_000029.txt","AlowaisEtAl_Meteord_Detection_YOLO/YOLO_UAEMMN_METEORS/M20210412_042800_Liwa_C14P.jpg","42"
"train","meteor","train/images/uaemmn_pos_train_000030.jpg","train/labels/uaemmn_pos_train_000030.txt","AlowaisEtAl_Meteord_Detection_YOLO/YOLO_UAEMMN_METEORS/M20191003_024302_Home_C2P.jpg","42"
"train","meteor","train/images/uaemmn_pos_train_000031.jpg","train/labels/uaemmn_pos_train_000031.txt","AlowaisEtAl_Meteord_Detection_YOLO/YOLO_UAEMMN_METEORS/M20200109_043955_YAHER_C11P.jpg","42"
"train","meteor","train/images/uaemmn_pos_train_000032.jpg","train/labels/uaemmn_pos_train_000032.txt","AlowaisEtAl_Meteord_Detection_YOLO/YOLO_UAEMMN_METEORS/M20200117_225136_SCASS_C14P.jpg","42"
"train","meteor","train/images/uaemmn_pos_train_000033.jpg","train/labels/uaemmn_pos_train_000033.txt","AlowaisEtAl_Meteord_Detection_YOLO/YOLO_UAEMMN_METEORS/M20191030_221110_Home_C16P.jpg","42"
"train","meteor","train/images/uaemmn_pos_train_000034.jpg","train/labels/uaemmn_pos_train_000034.txt","AlowaisEtAl_Meteord_Detection_YOLO/YOLO_UAEMMN_METEORS/M20200109_021242_YAHER_C4P.jpg","42"
"train","meteor","train/images/uaemmn_pos_train_000035.jpg","train/labels/uaemmn_pos_train_000035.txt","AlowaisEtAl_Meteord_Detection_YOLO/YOLO_UAEMMN_METEORS/M20211214_041101_Home_C2P.jpg","42"
"train","meteor","train/images/uaemmn_pos_train_000036.jpg","train/labels/uaemmn_pos_train_000036.txt","AlowaisEtAl_Meteord_Detection_YOLO/YOLO_UAEMMN_METEORS/M20191129_230045_Home_C12P.jpg","42"
"train","meteor","train/images/uaemmn_pos_train_000037.jpg","train/labels/uaemmn_pos_train_000037.txt","AlowaisEtAl_Meteord_Detection_YOLO/YOLO_UAEMMN_METEORS/M20211214_023549_Home_C7P.jpg","42"
"train","meteor","train/images/uaemmn_pos_train_000038.jpg","train/labels/uaemmn_pos_train_000038.txt","AlowaisEtAl_Meteord_Detection_YOLO/YOLO_UAEMMN_METEORS/M20191206_045154_SCASS_C13P.jpg","42"
"train","meteor","train/images/uaemmn_pos_train_000039.jpg","train/labels/uaemmn_pos_train_000039.txt","AlowaisEtAl_Meteord_Detection_YOLO/YOLO_UAEMMN_METEORS/M20211214_201458_YAHER_C15P.jpg","42"
"train","meteor","train/images/uaemmn_pos_train_000040.jpg","train/labels/uaemmn_pos_train_000040.txt","AlowaisEtAl_Meteord_Detection_YOLO/YOLO_UAEMMN_METEORS/M20220904_051939_YAHER_C16P.jpg","42"
"train","meteor","train/images/uaemmn_pos_train_000041.jpg","train/labels/uaemmn_pos_train_000041.txt","AlowaisEtAl_Meteord_Detection_YOLO/YOLO_UAEMMN_METEORS/M20191012_030206_Home_C12P.jpg","42"
"train","meteor","train/images/uaemmn_pos_train_000042.jpg","train/labels/uaemmn_pos_train_000042.txt","AlowaisEtAl_Meteord_Detection_YOLO/YOLO_UAEMMN_METEORS/M20191201_041409_SCASS_C2P.jpg","42"
"train","meteor","train/images/uaemmn_pos_train_000043.jpg","train/labels/uaemmn_pos_train_000043.txt","AlowaisEtAl_Meteord_Detection_YOLO/YOLO_UAEMMN_METEORS/M20200105_012356_YAHER_C16P.jpg","42"
"train","meteor","train/images/uaemmn_pos_train_000044.jpg","train/labels/uaemmn_pos_train_000044.txt","AlowaisEtAl_Meteord_Detection_YOLO/YOLO_UAEMMN_METEORS/M20191027_030403_Home_C2P.jpg","42"
"train","meteor","train/images/uaemmn_pos_train_000045.jpg","train/labels/uaemmn_pos_train_000045.txt","AlowaisEtAl_Meteord_Detection_YOLO/YOLO_UAEMMN_METEORS/M20190922_015228_YAHER_C3P.jpg","42"
"train","meteor","train/images/uaemmn_pos_train_000046.jpg","train/labels/uaemmn_pos_train_000046.txt","AlowaisEtAl_Meteord_Detection_YOLO/YOLO_UAEMMN_METEORS/M20191129_023150_Home_C16P.jpg","42"
"train","meteor","train/images/uaemmn_pos_train_000047.jpg","train/labels/uaemmn_pos_train_000047.txt","AlowaisEtAl_Meteord_Detection_YOLO/YOLO_UAEMMN_METEORS/M20191128_033250_SCASS_C13P.jpg","42"
"train","meteor","train/images/uaemmn_pos_train_000048.jpg","train/labels/uaemmn_pos_train_000048.txt","AlowaisEtAl_Meteord_Detection_YOLO/YOLO_UAEMMN_METEORS/M20211214_205021_YAHER_C15P.jpg","42"
"train","meteor","train/images/uaemmn_pos_train_000049.jpg","train/labels/uaemmn_pos_train_000049.txt","AlowaisEtAl_Meteord_Detection_YOLO/YOLO_UAEMMN_METEORS/M20211219_051239_Liwa_C15P.jpg","42"
"train","meteor","train/images/uaemmn_pos_train_000050.jpg","train/labels/uaemmn_pos_train_000050.txt","AlowaisEtAl_Meteord_Detection_YOLO/YOLO_UAEMMN_METEORS/M20191119_035650_SCASS_C14P.jpg","42"
"train","meteor","train/images/uaemmn_pos_train_000051.jpg","train/labels/uaemmn_pos_train_000051.txt","AlowaisEtAl_Meteord_Detection_YOLO/YOLO_UAEMMN_METEORS/M20211215_011847_YAHER_C15P.jpg","42"
"train","meteor","train/images/uaemmn_pos_train_000052.jpg","train/labels/uaemmn_pos_train_000052.txt","AlowaisEtAl_Meteord_Detection_YOLO/YOLO_UAEMMN_METEORS/M20210407_045239_Liwa_C15P.jpg","42"
"train","meteor","train/images/uaemmn_pos_train_000053.jpg","train/labels/uaemmn_pos_train_000053.txt","AlowaisEtAl_Meteord_Detection_YOLO/YOLO_UAEMMN_METEORS/M20191203_052411_Home_C14P.jpg","42"
"train","meteor","train/images/uaemmn_pos_train_000054.jpg","train/labels/uaemmn_pos_train_000054.txt","AlowaisEtAl_Meteord_Detection_YOLO/YOLO_UAEMMN_METEORS/M20190925_010330_Home_C8P.jpg","42"
"train","meteor","train/images/uaemmn_pos_train_000055.jpg","train/labels/uaemmn_pos_train_000055.txt","AlowaisEtAl_Meteord_Detection_YOLO/YOLO_UAEMMN_METEORS/M20190910_042352_Home_C15P.jpg","42"
"train","meteor","train/images/uaemmn_pos_train_000056.jpg","train/labels/uaemmn_pos_train_000056.txt","AlowaisEtAl_Meteord_Detection_YOLO/YOLO_UAEMMN_METEORS/M20210405_034409_Liwa_C0P.jpg","42"
"train","meteor","train/images/uaemmn_pos_train_000057.jpg","train/labels/uaemmn_pos_train_000057.txt","AlowaisEtAl_Meteord_Detection_YOLO/YOLO_UAEMMN_METEORS/M20211220_061013_YAHER_C1P.jpg","42"
"train","meteor","train/images/uaemmn_pos_train_000058.jpg","train/labels/uaemmn_pos_train_000058.txt","AlowaisEtAl_Meteord_Detection_YOLO/YOLO_UAEMMN_METEORS/M20210404_032657_Liwa_C0P.jpg","42"
"train","meteor","train/images/uaemmn_pos_train_000059.jpg","train/labels/uaemmn_pos_train_000059.txt","AlowaisEtAl_Meteord_Detection_YOLO/YOLO_UAEMMN_METEORS/M20191106_233117_Home_C11P.jpg","42"
"train","meteor","train/images/uaemmn_pos_train_000060.jpg","train/labels/uaemmn_pos_train_000060.txt","AlowaisEtAl_Meteord_Detection_YOLO/YOLO_UAEMMN_METEORS/M20191206_040206_SCASS_C13P.jpg","42"
"train","meteor","train/images/uaemmn_pos_train_000061.jpg","train/labels/uaemmn_pos_train_000061.txt","AlowaisEtAl_Meteord_Detection_YOLO/YOLO_UAEMMN_METEORS/M20190813_013129_Home_C4P.jpg","42"
"train","meteor","train/images/uaemmn_pos_train_000062.jpg","train/labels/uaemmn_pos_train_000062.txt","AlowaisEtAl_Meteord_Detection_YOLO/YOLO_UAEMMN_METEORS/M20221022_044418_Home_C11P.jpg","42"
"train","meteor","train/images/uaemmn_pos_train_000063.jpg","train/labels/uaemmn_pos_train_000063.txt","AlowaisEtAl_Meteord_Detection_YOLO/YOLO_UAEMMN_METEORS/M20211229_004319_Liwa_C15P.jpg","42"
"train","meteor","train/images/uaemmn_pos_train_000064.jpg","train/labels/uaemmn_pos_train_000064.txt","AlowaisEtAl_Meteord_Detection_YOLO/YOLO_UAEMMN_METEORS/M20211214_020100_Home_C14P.jpg","42"
"train","meteor","train/images/uaemmn_pos_train_000065.jpg","train/labels/uaemmn_pos_train_000065.txt","AlowaisEtAl_Meteord_Detection_YOLO/YOLO_UAEMMN_METEORS/M20211202_060021_Home_C3P.jpg","42"
"train","meteor","train/images/uaemmn_pos_train_000066.jpg","train/labels/uaemmn_pos_train_000066.txt","AlowaisEtAl_Meteord_Detection_YOLO/YOLO_UAEMMN_METEORS/M20200112_002729_YAHER_C6P.jpg","42"
"train","meteor","train/images/uaemmn_pos_train_000067.jpg","train/labels/uaemmn_pos_train_000067.txt","AlowaisEtAl_Meteord_Detection_YOLO/YOLO_UAEMMN_METEORS/M20210412_042800_Liwa_C13P.jpg","42"
"train","meteor","train/images/uaemmn_pos_train_000068.jpg","train/labels/uaemmn_pos_train_000068.txt","AlowaisEtAl_Meteord_Detection_YOLO/YOLO_UAEMMN_METEORS/M20211215_040153_YAHER_C1P.jpg","42"
"train","meteor","train/images/uaemmn_pos_train_000069.jpg","train/labels/uaemmn_pos_train_000069.txt","AlowaisEtAl_Meteord_Detection_YOLO/YOLO_UAEMMN_METEORS/M20191129_034035_Home_C5P.jpg","42"
"train","meteor","train/images/uaemmn_pos_train_000070.jpg","train/labels/uaemmn_pos_train_000070.txt","AlowaisEtAl_Meteord_Detection_YOLO/YOLO_UAEMMN_METEORS/M20200101_034938_YAHER_C1P.jpg","42"
"train","meteor","train/images/uaemmn_pos_train_000071.jpg","train/labels/uaemmn_pos_train_000071.txt","AlowaisEtAl_Meteord_Detection_YOLO/YOLO_UAEMMN_METEORS/M20211207_224539_Liwa_C04P.jpg","42"
"train","meteor","train/images/uaemmn_pos_train_000072.jpg","train/labels/uaemmn_pos_train_000072.txt","AlowaisEtAl_Meteord_Detection_YOLO/YOLO_UAEMMN_METEORS/M20190912_222318_SCASS_C8P.jpg","42"
"train","meteor","train/images/uaemmn_pos_train_000073.jpg","train/labels/uaemmn_pos_train_000073.txt","AlowaisEtAl_Meteord_Detection_YOLO/YOLO_UAEMMN_METEORS/M20200118_034943_SCASS_C3P.jpg","42"
"train","meteor","train/images/uaemmn_pos_train_000074.jpg","train/labels/uaemmn_pos_train_000074.txt","AlowaisEtAl_Meteord_Detection_YOLO/YOLO_UAEMMN_METEORS/M20220305_021805_Liwa_C2P.jpg","42"
"train","meteor","train/images/uaemmn_pos_train_000075.jpg","train/labels/uaemmn_pos_train_000075.txt","AlowaisEtAl_Meteord_Detection_YOLO/YOLO_UAEMMN_METEORS/M20211214_223137_YAHER_C13P.jpg","42"
"train","meteor","train/images/uaemmn_pos_train_000076.jpg","train/labels/uaemmn_pos_train_000076.txt","AlowaisEtAl_Meteord_Detection_YOLO/YOLO_UAEMMN_METEORS/M20191225_011031_Home_C4P.jpg","42"
"train","meteor","train/images/uaemmn_pos_train_000077.jpg","train/labels/uaemmn_pos_train_000077.txt","AlowaisEtAl_Meteord_Detection_YOLO/YOLO_UAEMMN_METEORS/M20211214_012526_Liwa_C01P.jpg","42"
"train","meteor","train/images/uaemmn_pos_train_000078.jpg","train/labels/uaemmn_pos_train_000078.txt","AlowaisEtAl_Meteord_Detection_YOLO/YOLO_UAEMMN_METEORS/M20191214_233433_Home_C2P.jpg","42"
"train","meteor","train/images/uaemmn_pos_train_000079.jpg","train/labels/uaemmn_pos_train_000079.txt","AlowaisEtAl_Meteord_Detection_YOLO/YOLO_UAEMMN_METEORS/M20220331_010111_Liwa_C14P.jpg","42"
"train","meteor","train/images/uaemmn_pos_train_000080.jpg","train/labels/uaemmn_pos_train_000080.txt","AlowaisEtAl_Meteord_Detection_YOLO/YOLO_UAEMMN_METEORS/M20220117_050009_Home_C1P.jpg","42"
"train","meteor","train/images/uaemmn_pos_train_000081.jpg","train/labels/uaemmn_pos_train_000081.txt","AlowaisEtAl_Meteord_Detection_YOLO/YOLO_UAEMMN_METEORS/M20210424_045049_Liwa_C4P.jpg","42"
"train","meteor","train/images/uaemmn_pos_train_000082.jpg","train/labels/uaemmn_pos_train_000082.txt","AlowaisEtAl_Meteord_Detection_YOLO/YOLO_UAEMMN_METEORS/M20191024_043237_SCASS_C4P.jpg","42"
"train","meteor","train/images/uaemmn_pos_train_000083.jpg","train/labels/uaemmn_pos_train_000083.txt","AlowaisEtAl_Meteord_Detection_YOLO/YOLO_UAEMMN_METEORS/M20211217_053537_YAHER_C5P.jpg","42"
"train","meteor","train/images/uaemmn_pos_train_000084.jpg","train/labels/uaemmn_pos_train_000084.txt","AlowaisEtAl_Meteord_Detection_YOLO/YOLO_UAEMMN_METEORS/M20220112_033307_Liwa_C15P.jpg","42"
"train","meteor","train/images/uaemmn_pos_train_000085.jpg","train/labels/uaemmn_pos_train_000085.txt","AlowaisEtAl_Meteord_Detection_YOLO/YOLO_UAEMMN_METEORS/M20211222_210128_Liwa_C13P.jpg","42"
"train","meteor","train/images/uaemmn_pos_train_000086.jpg","train/labels/uaemmn_pos_train_000086.txt","AlowaisEtAl_Meteord_Detection_YOLO/YOLO_UAEMMN_METEORS/M20191205_220956_SCASS_C4P.jpg","42"
"train","meteor","train/images/uaemmn_pos_train_000087.jpg","train/labels/uaemmn_pos_train_000087.txt","AlowaisEtAl_Meteord_Detection_YOLO/YOLO_UAEMMN_METEORS/M20211215_040242_Liwa_C10P.jpg","42"
"train","meteor","train/images/uaemmn_pos_train_000088.jpg","train/labels/uaemmn_pos_train_000088.txt","AlowaisEtAl_Meteord_Detection_YOLO/YOLO_UAEMMN_METEORS/M20211215_043923_YAHER_C12P.jpg","42"
"train","meteor","train/images/uaemmn_pos_train_000089.jpg","train/labels/uaemmn_pos_train_000089.txt","AlowaisEtAl_Meteord_Detection_YOLO/YOLO_UAEMMN_METEORS/M20211215_010811_YAHER_C2P.jpg","42"
"train","meteor","train/images/uaemmn_pos_train_000090.jpg","train/labels/uaemmn_pos_train_000090.txt","AlowaisEtAl_Meteord_Detection_YOLO/YOLO_UAEMMN_METEORS/M20190929_045418_SCASS_C2P.jpg","42"
"train","meteor","train/images/uaemmn_pos_train_000091.jpg","train/labels/uaemmn_pos_train_000091.txt","AlowaisEtAl_Meteord_Detection_YOLO/YOLO_UAEMMN_METEORS/M20191030_005532_Home_C2P.jpg","42"
"train","meteor","train/images/uaemmn_pos_train_000092.jpg","train/labels/uaemmn_pos_train_000092.txt","AlowaisEtAl_Meteord_Detection_YOLO/YOLO_UAEMMN_METEORS/M20211220_053737_YAHER_C15P.jpg","42"
"train","meteor","train/images/uaemmn_pos_train_000093.jpg","train/labels/uaemmn_pos_train_000093.txt","AlowaisEtAl_Meteord_Detection_YOLO/YOLO_UAEMMN_METEORS/M20191124_050154_SCASS_C1P.jpg","42"
"train","meteor","train/images/uaemmn_pos_train_000094.jpg","train/labels/uaemmn_pos_train_000094.txt","AlowaisEtAl_Meteord_Detection_YOLO/YOLO_UAEMMN_METEORS/M20200122_051809_SCASS_C14P.jpg","42"
"train","meteor","train/images/uaemmn_pos_train_000095.jpg","train/labels/uaemmn_pos_train_000095.txt","AlowaisEtAl_Meteord_Detection_YOLO/YOLO_UAEMMN_METEORS/M20211124_054008_Home_C16P.jpg","42"
"train","meteor","train/images/uaemmn_pos_train_000096.jpg","train/labels/uaemmn_pos_train_000096.txt","AlowaisEtAl_Meteord_Detection_YOLO/YOLO_UAEMMN_METEORS/M20211213_012615_Liwa_C03P.jpg","42"
"train","meteor","train/images/uaemmn_pos_train_000097.jpg","train/labels/uaemmn_pos_train_000097.txt","AlowaisEtAl_Meteord_Detection_YOLO/YOLO_UAEMMN_METEORS/M20211218_055833_Liwa_C16P.jpg","42"
"train","meteor","train/images/uaemmn_pos_train_000098.jpg","train/labels/uaemmn_pos_train_000098.txt","AlowaisEtAl_Meteord_Detection_YOLO/YOLO_UAEMMN_METEORS/M20191204_002856_SCASS_C1P.jpg","42"
"train","meteor","train/images/uaemmn_pos_train_000099.jpg","train/labels/uaemmn_pos_train_000099.txt","AlowaisEtAl_Meteord_Detection_YOLO/YOLO_UAEMMN_METEORS/M20190928_230603_SCASS_C1P.jpg","42"
"train","meteor","train/images/uaemmn_pos_train_000100.jpg","train/labels/uaemmn_pos_train_000100.txt","AlowaisEtAl_Meteord_Detection_YOLO/YOLO_UAEMMN_METEORS/M20211213_000713_Liwa_C03P.jpg","42"
"train","meteor","train/images/uaemmn_pos_train_000101.jpg","train/labels/uaemmn_pos_train_000101.txt","AlowaisEtAl_Meteord_Detection_YOLO/YOLO_UAEMMN_METEORS/M20191206_022448_SCASS_C12P.jpg","42"
"train","meteor","train/images/uaemmn_pos_train_000102.jpg","train/labels/uaemmn_pos_train_000102.txt","AlowaisEtAl_Meteord_Detection_YOLO/YOLO_UAEMMN_METEORS/M20211213_234250_Home_C13P.jpg","42"
"train","meteor","train/images/uaemmn_pos_train_000103.jpg","train/labels/uaemmn_pos_train_000103.txt","AlowaisEtAl_Meteord_Detection_YOLO/YOLO_UAEMMN_METEORS/M20220107_061701_YAHER_C1P.jpg","42"
"train","meteor","train/images/uaemmn_pos_train_000104.jpg","train/labels/uaemmn_pos_train_000104.txt","AlowaisEtAl_Meteord_Detection_YOLO/YOLO_UAEMMN_METEORS/M20211214_001017_Home_C13P.jpg","42"
"train","meteor","train/images/uaemmn_pos_train_000105.jpg","train/labels/uaemmn_pos_train_000105.txt","AlowaisEtAl_Meteord_Detection_YOLO/YOLO_UAEMMN_METEORS/M20190907_232240_SCASS_C14P.jpg","42"
"train","meteor","train/images/uaemmn_pos_train_000106.jpg","train/labels/uaemmn_pos_train_000106.txt","AlowaisEtAl_Meteord_Detection_YOLO/YOLO_UAEMMN_METEORS/M20211214_044543_Home_C15P.jpg","42"
"train","meteor","train/images/uaemmn_pos_train_000107.jpg","train/labels/uaemmn_pos_train_000107.txt","AlowaisEtAl_Meteord_Detection_YOLO/YOLO_UAEMMN_METEORS/M20191207_011247_SCASS_C13P.jpg","42"
"train","meteor","train/images/uaemmn_pos_train_000108.jpg","train/labels/uaemmn_pos_train_000108.txt","AlowaisEtAl_Meteord_Detection_YOLO/YOLO_UAEMMN_METEORS/M20220107_022038_YAHER_C16P.jpg","42"
"train","meteor","train/images/uaemmn_pos_train_000109.jpg","train/labels/uaemmn_pos_train_000109.txt","AlowaisEtAl_Meteord_Detection_YOLO/YOLO_UAEMMN_METEORS/M20191124_031204_SCASS_C4P.jpg","42"
"train","meteor","train/images/uaemmn_pos_train_000110.jpg","train/labels/uaemmn_pos_train_000110.txt","AlowaisEtAl_Meteord_Detection_YOLO/YOLO_UAEMMN_METEORS/M20211215_020557_Liwa_C15P.jpg","42"
"train","meteor","train/images/uaemmn_pos_train_000111.jpg","train/labels/uaemmn_pos_train_000111.txt","AlowaisEtAl_Meteord_Detection_YOLO/YOLO_UAEMMN_METEORS/M20211126_040832_Home_C13P.jpg","42"
"train","meteor","train/images/uaemmn_pos_train_000112.jpg","train/labels/uaemmn_pos_train_000112.txt","AlowaisEtAl_Meteord_Detection_YOLO/YOLO_UAEMMN_METEORS/M20191011_051931_SCASS_C15P.jpg","42"
"train","meteor","train/images/uaemmn_pos_train_000113.jpg","train/labels/uaemmn_pos_train_000113.txt","AlowaisEtAl_Meteord_Detection_YOLO/YOLO_UAEMMN_METEORS/M20191103_025541_Home_C10P.jpg","42"
"train","meteor","train/images/uaemmn_pos_train_000114.jpg","train/labels/uaemmn_pos_train_000114.txt","AlowaisEtAl_Meteord_Detection_YOLO/YOLO_UAEMMN_METEORS/M20220910_014321_YAHER_C3P.jpg","42"
"train","meteor","train/images/uaemmn_pos_train_000115.jpg","train/labels/uaemmn_pos_train_000115.txt","AlowaisEtAl_Meteord_Detection_YOLO/YOLO_UAEMMN_METEORS/M20191024_233350_SCASS_C7P.jpg","42"
"train","meteor","train/images/uaemmn_pos_train_000116.jpg","train/labels/uaemmn_pos_train_000116.txt","AlowaisEtAl_Meteord_Detection_YOLO/YOLO_UAEMMN_METEORS/M20211214_033735_Liwa_C03P.jpg","42"
"train","meteor","train/images/uaemmn_pos_train_000117.jpg","train/labels/uaemmn_pos_train_000117.txt","AlowaisEtAl_Meteord_Detection_YOLO/YOLO_UAEMMN_METEORS/M20191127_032243_Home_C5P.jpg","42"
"train","meteor","train/images/uaemmn_pos_train_000118.jpg","train/labels/uaemmn_pos_train_000118.txt","AlowaisEtAl_Meteord_Detection_YOLO/YOLO_UAEMMN_METEORS/M20191007_043934_Home_C2P.jpg","42"
"train","meteor","train/images/uaemmn_pos_train_000119.jpg","train/labels/uaemmn_pos_train_000119.txt","AlowaisEtAl_Meteord_Detection_YOLO/YOLO_UAEMMN_METEORS/M20191020_032918_SCASS_C6S.jpg","42"
"train","meteor","train/images/uaemmn_pos_train_000120.jpg","train/labels/uaemmn_pos_train_000120.txt","AlowaisEtAl_Meteord_Detection_YOLO/YOLO_UAEMMN_METEORS/M20191122_032228_Home_C11P.jpg","42"
"train","meteor","train/images/uaemmn_pos_train_000121.jpg","train/labels/uaemmn_pos_train_000121.txt","AlowaisEtAl_Meteord_Detection_YOLO/YOLO_UAEMMN_METEORS/M20211214_232502_YAHER_C5P.jpg","42"
"train","meteor","train/images/uaemmn_pos_train_000122.jpg","train/labels/uaemmn_pos_train_000122.txt","AlowaisEtAl_Meteord_Detection_YOLO/YOLO_UAEMMN_METEORS/M20211207_050345_Liwa_C01P.jpg","42"
"train","meteor","train/images/uaemmn_pos_train_000123.jpg","train/labels/uaemmn_pos_train_000123.txt","AlowaisEtAl_Meteord_Detection_YOLO/YOLO_UAEMMN_METEORS/M20191231_033743_Home_C12P.jpg","42"
"train","meteor","train/images/uaemmn_pos_train_000124.jpg","train/labels/uaemmn_pos_train_000124.txt","AlowaisEtAl_Meteord_Detection_YOLO/YOLO_UAEMMN_METEORS/M20211214_025933_Home_C10P.jpg","42"
"train","meteor","train/images/uaemmn_pos_train_000125.jpg","train/labels/uaemmn_pos_train_000125.txt","AlowaisEtAl_Meteord_Detection_YOLO/YOLO_UAEMMN_METEORS/M20190919_235449_Home_C10P.jpg","42"
"train","meteor","train/images/uaemmn_pos_train_000126.jpg","train/labels/uaemmn_pos_train_000126.txt","AlowaisEtAl_Meteord_Detection_YOLO/YOLO_UAEMMN_METEORS/M20210429_050729_Liwa_C14P.jpg","42"
"train","meteor","train/images/uaemmn_pos_train_000127.jpg","train/labels/uaemmn_pos_train_000127.txt","AlowaisEtAl_Meteord_Detection_YOLO/YOLO_UAEMMN_METEORS/M20211215_002220_YAHER_C2P.jpg","42"
"train","meteor","train/images/uaemmn_pos_train_000128.jpg","train/labels/uaemmn_pos_train_000128.txt","AlowaisEtAl_Meteord_Detection_YOLO/YOLO_UAEMMN_METEORS/M20220107_022035_Home_C15P.jpg","42"
"train","meteor","train/images/uaemmn_pos_train_000129.jpg","train/labels/uaemmn_pos_train_000129.txt","AlowaisEtAl_Meteord_Detection_YOLO/YOLO_UAEMMN_METEORS/M20211221_045038_YAHER_C5P.jpg","42"
"train","meteor","train/images/uaemmn_pos_train_000130.jpg","train/labels/uaemmn_pos_train_000130.txt","AlowaisEtAl_Meteord_Detection_YOLO/YOLO_UAEMMN_METEORS/M20190920_230215_SCASS_C9P.jpg","42"
"train","meteor","train/images/uaemmn_pos_train_000131.jpg","train/labels/uaemmn_pos_train_000131.txt","AlowaisEtAl_Meteord_Detection_YOLO/YOLO_UAEMMN_METEORS/M20191214_235233_Home_C8P.jpg","42"
"train","meteor","train/images/uaemmn_pos_train_000132.jpg","train/labels/uaemmn_pos_train_000132.txt","AlowaisEtAl_Meteord_Detection_YOLO/YOLO_UAEMMN_METEORS/M20191207_015419_SCASS_C5P.jpg","42"
"train","meteor","train/images/uaemmn_pos_train_000133.jpg","train/labels/uaemmn_pos_train_000133.txt","AlowaisEtAl_Meteord_Detection_YOLO/YOLO_UAEMMN_METEORS/M20190927_203148_SCASS_C12P.jpg","42"
"train","meteor","train/images/uaemmn_pos_train_000134.jpg","train/labels/uaemmn_pos_train_000134.txt","AlowaisEtAl_Meteord_Detection_YOLO/YOLO_UAEMMN_METEORS/M20210423_014416_Liwa_C03P.jpg","42"
"train","meteor","train/images/uaemmn_pos_train_000135.jpg","train/labels/uaemmn_pos_train_000135.txt","AlowaisEtAl_Meteord_Detection_YOLO/YOLO_UAEMMN_METEORS/M20211214_232110_YAHER_C3P.jpg","42"
"train","meteor","train/images/uaemmn_pos_train_000136.jpg","train/labels/uaemmn_pos_train_000136.txt","AlowaisEtAl_Meteord_Detection_YOLO/YOLO_UAEMMN_METEORS/M20211224_035343_YAHER_C15P.jpg","42"
"train","meteor","train/images/uaemmn_pos_train_000137.jpg","train/labels/uaemmn_pos_train_000137.txt","AlowaisEtAl_Meteord_Detection_YOLO/YOLO_UAEMMN_METEORS/M20191129_035224_SCASS_C4P.jpg","42"
"train","meteor","train/images/uaemmn_pos_train_000138.jpg","train/labels/uaemmn_pos_train_000138.txt","AlowaisEtAl_Meteord_Detection_YOLO/YOLO_UAEMMN_METEORS/M20211214_232514_Liwa_C16P.jpg","42"
"train","meteor","train/images/uaemmn_pos_train_000139.jpg","train/labels/uaemmn_pos_train_000139.txt","AlowaisEtAl_Meteord_Detection_YOLO/YOLO_UAEMMN_METEORS/M20190909_024304_SCASS_C4P.jpg","42"
"train","meteor","train/images/uaemmn_pos_train_000140.jpg","train/labels/uaemmn_pos_train_000140.txt","AlowaisEtAl_Meteord_Detection_YOLO/YOLO_UAEMMN_METEORS/M20190908_233759_Home_C11P.jpg","42"
"train","meteor","train/images/uaemmn_pos_train_000141.jpg","train/labels/uaemmn_pos_train_000141.txt","AlowaisEtAl_Meteord_Detection_YOLO/YOLO_UAEMMN_METEORS/M20211215_035422_Home_C16P.jpg","42"
"train","meteor","train/images/uaemmn_pos_train_000142.jpg","train/labels/uaemmn_pos_train_000142.txt","AlowaisEtAl_Meteord_Detection_YOLO/YOLO_UAEMMN_METEORS/M20191126_004419_SCASS_C3P.jpg","42"
"train","meteor","train/images/uaemmn_pos_train_000143.jpg","train/labels/uaemmn_pos_train_000143.txt","AlowaisEtAl_Meteord_Detection_YOLO/YOLO_UAEMMN_METEORS/M20200113_200031_SCASS_C1P.jpg","42"
"train","meteor","train/images/uaemmn_pos_train_000144.jpg","train/labels/uaemmn_pos_train_000144.txt","AlowaisEtAl_Meteord_Detection_YOLO/YOLO_UAEMMN_METEORS/M20220206_222014_Home_C16P.jpg","42"
"train","meteor","train/images/uaemmn_pos_train_000145.jpg","train/labels/uaemmn_pos_train_000145.txt","AlowaisEtAl_Meteord_Detection_YOLO/YOLO_UAEMMN_METEORS/M20191016_032338_Home_C11P.jpg","42"
"train","meteor","train/images/uaemmn_pos_train_000146.jpg","train/labels/uaemmn_pos_train_000146.txt","AlowaisEtAl_Meteord_Detection_YOLO/YOLO_UAEMMN_METEORS/M20211214_214131_Liwa_C07P.jpg","42"
"train","meteor","train/images/uaemmn_pos_train_000147.jpg","train/labels/uaemmn_pos_train_000147.txt","AlowaisEtAl_Meteord_Detection_YOLO/YOLO_UAEMMN_METEORS/M20191014_210615_Home_C4P.jpg","42"
"train","meteor","train/images/uaemmn_pos_train_000148.jpg","train/labels/uaemmn_pos_train_000148.txt","AlowaisEtAl_Meteord_Detection_YOLO/YOLO_UAEMMN_METEORS/M20191107_053711_Home_C11P.jpg","42"
"train","meteor","train/images/uaemmn_pos_train_000149.jpg","train/labels/uaemmn_pos_train_000149.txt","AlowaisEtAl_Meteord_Detection_YOLO/YOLO_UAEMMN_METEORS/M20191201_191131_Home_C14P.jpg","42"
"train","meteor","train/images/uaemmn_pos_train_000150.jpg","train/labels/uaemmn_pos_train_000150.txt","AlowaisEtAl_Meteord_Detection_YOLO/YOLO_UAEMMN_METEORS/M20211212_234843_Liwa_C04P.jpg","42"
"train","meteor","train/images/uaemmn_pos_train_000151.jpg","train/labels/uaemmn_pos_train_000151.txt","AlowaisEtAl_Meteord_Detection_YOLO/YOLO_UAEMMN_METEORS/M20220422_030333_YAHER_C9P.jpg","42"
"train","meteor","train/images/uaemmn_pos_train_000152.jpg","train/labels/uaemmn_pos_train_000152.txt","AlowaisEtAl_Meteord_Detection_YOLO/YOLO_UAEMMN_METEORS/M20210422_025703_Liwa_C01P.jpg","42"
"train","meteor","train/images/uaemmn_pos_train_000153.jpg","train/labels/uaemmn_pos_train_000153.txt","AlowaisEtAl_Meteord_Detection_YOLO/YOLO_UAEMMN_METEORS/M20191112_000236_Home_C1P.jpg","42"
"train","meteor","train/images/uaemmn_pos_train_000154.jpg","train/labels/uaemmn_pos_train_000154.txt","AlowaisEtAl_Meteord_Detection_YOLO/YOLO_UAEMMN_METEORS/M20220108_035910_Liwa_C3P.jpg","42"
"train","meteor","train/images/uaemmn_pos_train_000155.jpg","train/labels/uaemmn_pos_train_000155.txt","AlowaisEtAl_Meteord_Detection_YOLO/YOLO_UAEMMN_METEORS/M20220430_031916_Liwa_C3P.jpg","42"
"train","meteor","train/images/uaemmn_pos_train_000156.jpg","train/labels/uaemmn_pos_train_000156.txt","AlowaisEtAl_Meteord_Detection_YOLO/YOLO_UAEMMN_METEORS/M20190918_221134_SCASS_C4P.jpg","42"
"train","meteor","train/images/uaemmn_pos_train_000157.jpg","train/labels/uaemmn_pos_train_000157.txt","AlowaisEtAl_Meteord_Detection_YOLO/YOLO_UAEMMN_METEORS/M20191122_035236_SCASS_C4P.jpg","42"
"train","meteor","train/images/uaemmn_pos_train_000158.jpg","train/labels/uaemmn_pos_train_000158.txt","AlowaisEtAl_Meteord_Detection_YOLO/YOLO_UAEMMN_METEORS/M20211216_052544_Liwa_C16P.jpg","42"
"train","meteor","train/images/uaemmn_pos_train_000159.jpg","train/labels/uaemmn_pos_train_000159.txt","AlowaisEtAl_Meteord_Detection_YOLO/YOLO_UAEMMN_METEORS/M20220112_040301_YAHER_C1P.jpg","42"
"train","meteor","train/images/uaemmn_pos_train_000160.jpg","train/labels/uaemmn_pos_train_000160.txt","AlowaisEtAl_Meteord_Detection_YOLO/YOLO_UAEMMN_METEORS/M20191012_054839_SCASS_C4P.jpg","42"
"train","meteor","train/images/uaemmn_pos_train_000161.jpg","train/labels/uaemmn_pos_train_000161.txt","AlowaisEtAl_Meteord_Detection_YOLO/YOLO_UAEMMN_METEORS/M20191014_223711_Home_C2P.jpg","42"
"train","meteor","train/images/uaemmn_pos_train_000162.jpg","train/labels/uaemmn_pos_train_000162.txt","AlowaisEtAl_Meteord_Detection_YOLO/YOLO_UAEMMN_METEORS/M20220914_233646_YAHER_C16P.jpg","42"
"train","meteor","train/images/uaemmn_pos_train_000163.jpg","train/labels/uaemmn_pos_train_000163.txt","AlowaisEtAl_Meteord_Detection_YOLO/YOLO_UAEMMN_METEORS/M20191201_202250_Home_C9P.jpg","42"
"train","meteor","train/images/uaemmn_pos_train_000164.jpg","train/labels/uaemmn_pos_train_000164.txt","AlowaisEtAl_Meteord_Detection_YOLO/YOLO_UAEMMN_METEORS/M20190904_234811_SCASS_C13P.jpg","42"
"train","meteor","train/images/uaemmn_pos_train_000165.jpg","train/labels/uaemmn_pos_train_000165.txt","AlowaisEtAl_Meteord_Detection_YOLO/YOLO_UAEMMN_METEORS/M20221030_023229_Home_C14P.jpg","42"
"train","meteor","train/images/uaemmn_pos_train_000166.jpg","train/labels/uaemmn_pos_train_000166.txt","AlowaisEtAl_Meteord_Detection_YOLO/YOLO_UAEMMN_METEORS/M20211214_044259_Home_C1P.jpg","42"
"train","meteor","train/images/uaemmn_pos_train_000167.jpg","train/labels/uaemmn_pos_train_000167.txt","AlowaisEtAl_Meteord_Detection_YOLO/YOLO_UAEMMN_METEORS/M20191020_032918_SCASS_C5P.jpg","42"
"train","meteor","train/images/uaemmn_pos_train_000168.jpg","train/labels/uaemmn_pos_train_000168.txt","AlowaisEtAl_Meteord_Detection_YOLO/YOLO_UAEMMN_METEORS/M20200116_033008_SCASS_C4P.jpg","42"
"train","meteor","train/images/uaemmn_pos_train_000169.jpg","train/labels/uaemmn_pos_train_000169.txt","AlowaisEtAl_Meteord_Detection_YOLO/YOLO_UAEMMN_METEORS/M20220415_013653_Liwa_C1P.jpg","42"
"train","meteor","train/images/uaemmn_pos_train_000170.jpg","train/labels/uaemmn_pos_train_000170.txt","AlowaisEtAl_Meteord_Detection_YOLO/YOLO_UAEMMN_METEORS/M20211209_030616_Liwa_C07P.jpg","42"
"train","meteor","train/images/uaemmn_pos_train_000171.jpg","train/labels/uaemmn_pos_train_000171.txt","AlowaisEtAl_Meteord_Detection_YOLO/YOLO_UAEMMN_METEORS/M20211222_044126_Home_C13P.jpg","42"
"train","meteor","train/images/uaemmn_pos_train_000172.jpg","train/labels/uaemmn_pos_train_000172.txt","AlowaisEtAl_Meteord_Detection_YOLO/YOLO_UAEMMN_METEORS/M20200123_044051_Liwa_C4P.jpg","42"
"train","meteor","train/images/uaemmn_pos_train_000173.jpg","train/labels/uaemmn_pos_train_000173.txt","AlowaisEtAl_Meteord_Detection_YOLO/YOLO_UAEMMN_METEORS/M20190508_042458_Home_C8P.jpg","42"
"train","meteor","train/images/uaemmn_pos_train_000174.jpg","train/labels/uaemmn_pos_train_000174.txt","AlowaisEtAl_Meteord_Detection_YOLO/YOLO_UAEMMN_METEORS/M20191123_020735_SCASS_C4P.jpg","42"
"train","meteor","train/images/uaemmn_pos_train_000175.jpg","train/labels/uaemmn_pos_train_000175.txt","AlowaisEtAl_Meteord_Detection_YOLO/YOLO_UAEMMN_METEORS/M20191206_034851_SCASS_C13P.jpg","42"
"train","meteor","train/images/uaemmn_pos_train_000176.jpg","train/labels/uaemmn_pos_train_000176.txt","AlowaisEtAl_Meteord_Detection_YOLO/YOLO_UAEMMN_METEORS/M20191007_015631_SCASS_C4P.jpg","42"
"train","meteor","train/images/uaemmn_pos_train_000177.jpg","train/labels/uaemmn_pos_train_000177.txt","AlowaisEtAl_Meteord_Detection_YOLO/YOLO_UAEMMN_METEORS/M20200121_043223_SCASS_C4P.jpg","42"
"train","meteor","train/images/uaemmn_pos_train_000178.jpg","train/labels/uaemmn_pos_train_000178.txt","AlowaisEtAl_Meteord_Detection_YOLO/YOLO_UAEMMN_METEORS/M20211129_043029_Liwa_C03P.jpg","42"
"train","meteor","train/images/uaemmn_pos_train_000179.jpg","train/labels/uaemmn_pos_train_000179.txt","AlowaisEtAl_Meteord_Detection_YOLO/YOLO_UAEMMN_METEORS/M20191121_234403_Home_C2P.jpg","42"
"train","meteor","train/images/uaemmn_pos_train_000180.jpg","train/labels/uaemmn_pos_train_000180.txt","AlowaisEtAl_Meteord_Detection_YOLO/YOLO_UAEMMN_METEORS/M20200101_034633_YAHER_C1P.jpg","42"
"train","meteor","train/images/uaemmn_pos_train_000181.jpg","train/labels/uaemmn_pos_train_000181.txt","AlowaisEtAl_Meteord_Detection_YOLO/YOLO_UAEMMN_METEORS/M20211225_010724_YAHER_C3P.jpg","42"
"train","meteor","train/images/uaemmn_pos_train_000182.jpg","train/labels/uaemmn_pos_train_000182.txt","AlowaisEtAl_Meteord_Detection_YOLO/YOLO_UAEMMN_METEORS/M20191227_224834_Home_C12P.jpg","42"
"train","meteor","train/images/uaemmn_pos_train_000183.jpg","train/labels/uaemmn_pos_train_000183.txt","AlowaisEtAl_Meteord_Detection_YOLO/YOLO_UAEMMN_METEORS/M20191112_192448_SCASS_C4P.jpg","42"
"train","meteor","train/images/uaemmn_pos_train_000184.jpg","train/labels/uaemmn_pos_train_000184.txt","AlowaisEtAl_Meteord_Detection_YOLO/YOLO_UAEMMN_METEORS/M20191205_013443_SCASS_C2P.jpg","42"
"train","meteor","train/images/uaemmn_pos_train_000185.jpg","train/labels/uaemmn_pos_train_000185.txt","AlowaisEtAl_Meteord_Detection_YOLO/YOLO_UAEMMN_METEORS/M20211214_051039_Home_C11P.jpg","42"
"train","meteor","train/images/uaemmn_pos_train_000186.jpg","train/labels/uaemmn_pos_train_000186.txt","AlowaisEtAl_Meteord_Detection_YOLO/YOLO_UAEMMN_METEORS/M20191011_052653_SCASS_C4P.jpg","42"
"train","meteor","train/images/uaemmn_pos_train_000187.jpg","train/labels/uaemmn_pos_train_000187.txt","AlowaisEtAl_Meteord_Detection_YOLO/YOLO_UAEMMN_METEORS/M20210409_011326_Liwa_C15P.jpg","42"
"train","meteor","train/images/uaemmn_pos_train_000188.jpg","train/labels/uaemmn_pos_train_000188.txt","AlowaisEtAl_Meteord_Detection_YOLO/YOLO_UAEMMN_METEORS/M20191126_035121_SCASS_C1P.jpg","42"
"train","meteor","train/images/uaemmn_pos_train_000189.jpg","train/labels/uaemmn_pos_train_000189.txt","AlowaisEtAl_Meteord_Detection_YOLO/YOLO_UAEMMN_METEORS/M20190922_033446_Home_C3P.jpg","42"
"train","meteor","train/images/uaemmn_pos_train_000190.jpg","train/labels/uaemmn_pos_train_000190.txt","AlowaisEtAl_Meteord_Detection_YOLO/YOLO_UAEMMN_METEORS/M20191213_003947_Home_C4P.jpg","42"
"train","meteor","train/images/uaemmn_pos_train_000191.jpg","train/labels/uaemmn_pos_train_000191.txt","AlowaisEtAl_Meteord_Detection_YOLO/YOLO_UAEMMN_METEORS/M20191123_031857_SCASS_C13P.jpg","42"
"train","meteor","train/images/uaemmn_pos_train_000192.jpg","train/labels/uaemmn_pos_train_000192.txt","AlowaisEtAl_Meteord_Detection_YOLO/YOLO_UAEMMN_METEORS/M20211214_220938_Liwa_C13P.jpg","42"
"train","meteor","train/images/uaemmn_pos_train_000193.jpg","train/labels/uaemmn_pos_train_000193.txt","AlowaisEtAl_Meteord_Detection_YOLO/YOLO_UAEMMN_METEORS/M20211215_011845_Home_C14P.jpg","42"
"train","meteor","train/images/uaemmn_pos_train_000194.jpg","train/labels/uaemmn_pos_train_000194.txt","AlowaisEtAl_Meteord_Detection_YOLO/YOLO_UAEMMN_METEORS/M20191020_025543_SCASS_C8P.jpg","42"
"train","meteor","train/images/uaemmn_pos_train_000195.jpg","train/labels/uaemmn_pos_train_000195.txt","AlowaisEtAl_Meteord_Detection_YOLO/YOLO_UAEMMN_METEORS/M20190928_053353_SCASS_C4P.jpg","42"
"train","meteor","train/images/uaemmn_pos_train_000196.jpg","train/labels/uaemmn_pos_train_000196.txt","AlowaisEtAl_Meteord_Detection_YOLO/YOLO_UAEMMN_METEORS/M20190926_191023_SCASS_C1P.jpg","42"
"train","meteor","train/images/uaemmn_pos_train_000197.jpg","train/labels/uaemmn_pos_train_000197.txt","AlowaisEtAl_Meteord_Detection_YOLO/YOLO_UAEMMN_METEORS/M20190910_044501_SCASS_C14P.jpg","42"
"train","meteor","train/images/uaemmn_pos_train_000198.jpg","train/labels/uaemmn_pos_train_000198.txt","AlowaisEtAl_Meteord_Detection_YOLO/YOLO_UAEMMN_METEORS/M20200121_043352_SCASS_C13P.jpg","42"
"train","meteor","train/images/uaemmn_pos_train_000199.jpg","train/labels/uaemmn_pos_train_000199.txt","AlowaisEtAl_Meteord_Detection_YOLO/YOLO_UAEMMN_METEORS/M20191114_004803_Home_C15P.jpg","42"
"train","meteor","train/images/uaemmn_pos_train_000200.jpg","train/labels/uaemmn_pos_train_000200.txt","AlowaisEtAl_Meteord_Detection_YOLO/YOLO_UAEMMN_METEORS/M20211214_230220_Home_C7P.jpg","42"
"train","meteor","train/images/uaemmn_pos_train_000201.jpg","train/labels/uaemmn_pos_train_000201.txt","AlowaisEtAl_Meteord_Detection_YOLO/YOLO_UAEMMN_METEORS/M20191126_053115_Home_C4P.jpg","42"
"train","meteor","train/images/uaemmn_pos_train_000202.jpg","train/labels/uaemmn_pos_train_000202.txt","AlowaisEtAl_Meteord_Detection_YOLO/YOLO_UAEMMN_METEORS/M20211227_235710_Liwa_C2P.jpg","42"
"train","meteor","train/images/uaemmn_pos_train_000203.jpg","train/labels/uaemmn_pos_train_000203.txt","AlowaisEtAl_Meteord_Detection_YOLO/YOLO_UAEMMN_METEORS/M20191005_021351_SCASS_C8P.jpg","42"
"train","meteor","train/images/uaemmn_pos_train_000204.jpg","train/labels/uaemmn_pos_train_000204.txt","AlowaisEtAl_Meteord_Detection_YOLO/YOLO_UAEMMN_METEORS/M20211214_205021_YAHER_C16P.jpg","42"
"train","meteor","train/images/uaemmn_pos_train_000205.jpg","train/labels/uaemmn_pos_train_000205.txt","AlowaisEtAl_Meteord_Detection_YOLO/YOLO_UAEMMN_METEORS/M20200117_034533_SCASS_C16P.jpg","42"
"train","meteor","train/images/uaemmn_pos_train_000206.jpg","train/labels/uaemmn_pos_train_000206.txt","AlowaisEtAl_Meteord_Detection_YOLO/YOLO_UAEMMN_METEORS/M20190913_032158_SCASS_C4P.jpg","42"
"train","meteor","train/images/uaemmn_pos_train_000207.jpg","train/labels/uaemmn_pos_train_000207.txt","AlowaisEtAl_Meteord_Detection_YOLO/YOLO_UAEMMN_METEORS/M20211223_060442_Liwa_C14P.jpg","42"
"train","meteor","train/images/uaemmn_pos_train_000208.jpg","train/labels/uaemmn_pos_train_000208.txt","AlowaisEtAl_Meteord_Detection_YOLO/YOLO_UAEMMN_METEORS/M20200107_213922_YAHER_C11P.jpg","42"
"train","meteor","train/images/uaemmn_pos_train_000209.jpg","train/labels/uaemmn_pos_train_000209.txt","AlowaisEtAl_Meteord_Detection_YOLO/YOLO_UAEMMN_METEORS/M20211215_004439_YAHER_C15P.jpg","42"
"train","meteor","train/images/uaemmn_pos_train_000210.jpg","train/labels/uaemmn_pos_train_000210.txt","AlowaisEtAl_Meteord_Detection_YOLO/YOLO_UAEMMN_METEORS/M20190919_192849_SCASS_C4P.jpg","42"
"train","meteor","train/images/uaemmn_pos_train_000211.jpg","train/labels/uaemmn_pos_train_000211.txt","AlowaisEtAl_Meteord_Detection_YOLO/YOLO_UAEMMN_METEORS/M20220112_004159_Liwa_C2P.jpg","42"
"train","meteor","train/images/uaemmn_pos_train_000212.jpg","train/labels/uaemmn_pos_train_000212.txt","AlowaisEtAl_Meteord_Detection_YOLO/YOLO_UAEMMN_METEORS/M20211215_001508_Liwa_C01P.jpg","42"
"train","meteor","train/images/uaemmn_pos_train_000213.jpg","train/labels/uaemmn_pos_train_000213.txt","AlowaisEtAl_Meteord_Detection_YOLO/YOLO_UAEMMN_METEORS/M20190930_032610_SCASS_C13P.jpg","42"
"train","meteor","train/images/uaemmn_pos_train_000214.jpg","train/labels/uaemmn_pos_train_000214.txt","AlowaisEtAl_Meteord_Detection_YOLO/YOLO_UAEMMN_METEORS/M20211204_051626_Liwa_C15P.jpg","42"
"train","meteor","train/images/uaemmn_pos_train_000215.jpg","train/labels/uaemmn_pos_train_000215.txt","AlowaisEtAl_Meteord_Detection_YOLO/YOLO_UAEMMN_METEORS/M20191023_042549_SCASS_C5P.jpg","42"
"train","meteor","train/images/uaemmn_pos_train_000216.jpg","train/labels/uaemmn_pos_train_000216.txt","AlowaisEtAl_Meteord_Detection_YOLO/YOLO_UAEMMN_METEORS/M20191028_054954_SCASS_C15P.jpg","42"
"train","meteor","train/images/uaemmn_pos_train_000217.jpg","train/labels/uaemmn_pos_train_000217.txt","AlowaisEtAl_Meteord_Detection_YOLO/YOLO_UAEMMN_METEORS/M20191020_234414_Home_C4P.jpg","42"
"train","meteor","train/images/uaemmn_pos_train_000218.jpg","train/labels/uaemmn_pos_train_000218.txt","AlowaisEtAl_Meteord_Detection_YOLO/YOLO_UAEMMN_METEORS/M20210408_012130_Liwa_C13P.jpg","42"
"train","meteor","train/images/uaemmn_pos_train_000219.jpg","train/labels/uaemmn_pos_train_000219.txt","AlowaisEtAl_Meteord_Detection_YOLO/YOLO_UAEMMN_METEORS/M20220304_232937_Liwa_C7P.jpg","42"
"train","meteor","train/images/uaemmn_pos_train_000220.jpg","train/labels/uaemmn_pos_train_000220.txt","AlowaisEtAl_Meteord_Detection_YOLO/YOLO_UAEMMN_METEORS/M20211215_034228_YAHER_C13P.jpg","42"
"train","meteor","train/images/uaemmn_pos_train_000221.jpg","train/labels/uaemmn_pos_train_000221.txt","AlowaisEtAl_Meteord_Detection_YOLO/YOLO_UAEMMN_METEORS/M20191221_040716_Home_C12P.jpg","42"
"train","meteor","train/images/uaemmn_pos_train_000222.jpg","train/labels/uaemmn_pos_train_000222.txt","AlowaisEtAl_Meteord_Detection_YOLO/YOLO_UAEMMN_METEORS/M20211221_060951_Home_C14P.jpg","42"
"train","meteor","train/images/uaemmn_pos_train_000223.jpg","train/labels/uaemmn_pos_train_000223.txt","AlowaisEtAl_Meteord_Detection_YOLO/YOLO_UAEMMN_METEORS/M20191208_232601_SCASS_C3P.jpg","42"
"train","meteor","train/images/uaemmn_pos_train_000224.jpg","train/labels/uaemmn_pos_train_000224.txt","AlowaisEtAl_Meteord_Detection_YOLO/YOLO_UAEMMN_METEORS/M20211211_054404_Home_C1P.jpg","42"
"train","meteor","train/images/uaemmn_pos_train_000225.jpg","train/labels/uaemmn_pos_train_000225.txt","AlowaisEtAl_Meteord_Detection_YOLO/YOLO_UAEMMN_METEORS/M20190919_230917_SCASS_C16P.jpg","42"
"train","meteor","train/images/uaemmn_pos_train_000226.jpg","train/labels/uaemmn_pos_train_000226.txt","AlowaisEtAl_Meteord_Detection_YOLO/YOLO_UAEMMN_METEORS/M20211223_234319_Liwa_C1P.jpg","42"
"train","meteor","train/images/uaemmn_pos_train_000227.jpg","train/labels/uaemmn_pos_train_000227.txt","AlowaisEtAl_Meteord_Detection_YOLO/YOLO_UAEMMN_METEORS/M20191124_233813_Home_C2P.jpg","42"
"train","meteor","train/images/uaemmn_pos_train_000228.jpg","train/labels/uaemmn_pos_train_000228.txt","AlowaisEtAl_Meteord_Detection_YOLO/YOLO_UAEMMN_METEORS/M20191027_015923_SCASS_C3P.jpg","42"
"train","meteor","train/images/uaemmn_pos_train_000229.jpg","train/labels/uaemmn_pos_train_000229.txt","AlowaisEtAl_Meteord_Detection_YOLO/YOLO_UAEMMN_METEORS/M20211214_052751_Home_C15P.jpg","42"
"train","meteor","train/images/uaemmn_pos_train_000230.jpg","train/labels/uaemmn_pos_train_000230.txt","AlowaisEtAl_Meteord_Detection_YOLO/YOLO_UAEMMN_METEORS/M20220510_201142_Home_C11P.jpg","42"
"train","meteor","train/images/uaemmn_pos_train_000231.jpg","train/labels/uaemmn_pos_train_000231.txt","AlowaisEtAl_Meteord_Detection_YOLO/YOLO_UAEMMN_METEORS/M20191126_051044_SCASS_C11P.jpg","42"
"train","meteor","train/images/uaemmn_pos_train_000232.jpg","train/labels/uaemmn_pos_train_000232.txt","AlowaisEtAl_Meteord_Detection_YOLO/YOLO_UAEMMN_METEORS/M20220111_004951_Home_C16P.jpg","42"
"train","meteor","train/images/uaemmn_pos_train_000233.jpg","train/labels/uaemmn_pos_train_000233.txt","AlowaisEtAl_Meteord_Detection_YOLO/YOLO_UAEMMN_METEORS/M20190923_042846_SCASS_C3P.jpg","42"
"train","meteor","train/images/uaemmn_pos_train_000234.jpg","train/labels/uaemmn_pos_train_000234.txt","AlowaisEtAl_Meteord_Detection_YOLO/YOLO_UAEMMN_METEORS/M20191111_055733_Home_C10P.jpg","42"
"train","meteor","train/images/uaemmn_pos_train_000235.jpg","train/labels/uaemmn_pos_train_000235.txt","AlowaisEtAl_Meteord_Detection_YOLO/YOLO_UAEMMN_METEORS/M20211218_230621_Liwa_C3P.jpg","42"
"train","meteor","train/images/uaemmn_pos_train_000236.jpg","train/labels/uaemmn_pos_train_000236.txt","AlowaisEtAl_Meteord_Detection_YOLO/YOLO_UAEMMN_METEORS/M20211215_043923_YAHER_C11P.jpg","42"
"train","meteor","train/images/uaemmn_pos_train_000237.jpg","train/labels/uaemmn_pos_train_000237.txt","AlowaisEtAl_Meteord_Detection_YOLO/YOLO_UAEMMN_METEORS/M20211222_231808_YAHER_C13P.jpg","42"
"train","meteor","train/images/uaemmn_pos_train_000238.jpg","train/labels/uaemmn_pos_train_000238.txt","AlowaisEtAl_Meteord_Detection_YOLO/YOLO_UAEMMN_METEORS/M20191210_015338_Home_C11P.jpg","42"
"train","meteor","train/images/uaemmn_pos_train_000239.jpg","train/labels/uaemmn_pos_train_000239.txt","AlowaisEtAl_Meteord_Detection_YOLO/YOLO_UAEMMN_METEORS/M20200128_212036_Liwa_C2P.jpg","42"
"train","meteor","train/images/uaemmn_pos_train_000240.jpg","train/labels/uaemmn_pos_train_000240.txt","AlowaisEtAl_Meteord_Detection_YOLO/YOLO_UAEMMN_METEORS/M20191001_024830_SCASS_C12P.jpg","42"
"train","meteor","train/images/uaemmn_pos_train_000241.jpg","train/labels/uaemmn_pos_train_000241.txt","AlowaisEtAl_Meteord_Detection_YOLO/YOLO_UAEMMN_METEORS/M20211226_033428_Liwa_C2P.jpg","42"
"train","meteor","train/images/uaemmn_pos_train_000242.jpg","train/labels/uaemmn_pos_train_000242.txt","AlowaisEtAl_Meteord_Detection_YOLO/YOLO_UAEMMN_METEORS/M20191022_001237_SCASS_C4P.jpg","42"
"train","meteor","train/images/uaemmn_pos_train_000243.jpg","train/labels/uaemmn_pos_train_000243.txt","AlowaisEtAl_Meteord_Detection_YOLO/YOLO_UAEMMN_METEORS/M20191122_010913_SCASS_C2P.jpg","42"
"train","meteor","train/images/uaemmn_pos_train_000244.jpg","train/labels/uaemmn_pos_train_000244.txt","AlowaisEtAl_Meteord_Detection_YOLO/YOLO_UAEMMN_METEORS/M20221015_041031_Home_C16P.jpg","42"
"train","meteor","train/images/uaemmn_pos_train_000245.jpg","train/labels/uaemmn_pos_train_000245.txt","AlowaisEtAl_Meteord_Detection_YOLO/YOLO_UAEMMN_METEORS/M20211213_223407_Home_C11P.jpg","42"
"train","meteor","train/images/uaemmn_pos_train_000246.jpg","train/labels/uaemmn_pos_train_000246.txt","AlowaisEtAl_Meteord_Detection_YOLO/YOLO_UAEMMN_METEORS/M20220305_021805_Liwa_C1P.jpg","42"
"train","meteor","train/images/uaemmn_pos_train_000247.jpg","train/labels/uaemmn_pos_train_000247.txt","AlowaisEtAl_Meteord_Detection_YOLO/YOLO_UAEMMN_METEORS/M20211216_050237_YAHER_C2P.jpg","42"
"train","meteor","train/images/uaemmn_pos_train_000248.jpg","train/labels/uaemmn_pos_train_000248.txt","AlowaisEtAl_Meteord_Detection_YOLO/YOLO_UAEMMN_METEORS/M20211201_060251_YAHER_C6P.jpg","42"
"train","meteor","train/images/uaemmn_pos_train_000249.jpg","train/labels/uaemmn_pos_train_000249.txt","AlowaisEtAl_Meteord_Detection_YOLO/YOLO_UAEMMN_METEORS/M20221008_002154_Home_C14P.jpg","42"
"train","meteor","train/images/uaemmn_pos_train_000250.jpg","train/labels/uaemmn_pos_train_000250.txt","AlowaisEtAl_Meteord_Detection_YOLO/YOLO_UAEMMN_METEORS/M20211214_233419_YAHER_C16P.jpg","42"
"train","meteor","train/images/uaemmn_pos_train_000251.jpg","train/labels/uaemmn_pos_train_000251.txt","AlowaisEtAl_Meteord_Detection_YOLO/YOLO_UAEMMN_METEORS/M20211127_025425_YAHER_C1P.jpg","42"
"train","meteor","train/images/uaemmn_pos_train_000252.jpg","train/labels/uaemmn_pos_train_000252.txt","AlowaisEtAl_Meteord_Detection_YOLO/YOLO_UAEMMN_METEORS/M20211207_210642_Home_C11P.jpg","42"
"train","meteor","train/images/uaemmn_pos_train_000253.jpg","train/labels/uaemmn_pos_train_000253.txt","AlowaisEtAl_Meteord_Detection_YOLO/YOLO_UAEMMN_METEORS/M20191213_010346_Home_C11P.jpg","42"
"train","meteor","train/images/uaemmn_pos_train_000254.jpg","train/labels/uaemmn_pos_train_000254.txt","AlowaisEtAl_Meteord_Detection_YOLO/YOLO_UAEMMN_METEORS/M20211214_041912_Home_C3P.jpg","42"
"train","meteor","train/images/uaemmn_pos_train_000255.jpg","train/labels/uaemmn_pos_train_000255.txt","AlowaisEtAl_Meteord_Detection_YOLO/YOLO_UAEMMN_METEORS/M20191226_042506_Home_C1P.jpg","42"
"train","meteor","train/images/uaemmn_pos_train_000256.jpg","train/labels/uaemmn_pos_train_000256.txt","AlowaisEtAl_Meteord_Detection_YOLO/YOLO_UAEMMN_METEORS/M20211215_043344_Liwa_C03P.jpg","42"
"train","meteor","train/images/uaemmn_pos_train_000257.jpg","train/labels/uaemmn_pos_train_000257.txt","AlowaisEtAl_Meteord_Detection_YOLO/YOLO_UAEMMN_METEORS/M20191028_015316_SCASS_C6S.jpg","42"
"train","meteor","train/images/uaemmn_pos_train_000258.jpg","train/labels/uaemmn_pos_train_000258.txt","AlowaisEtAl_Meteord_Detection_YOLO/YOLO_UAEMMN_METEORS/M20190917_232821_SCASS_C1P.jpg","42"
"train","meteor","train/images/uaemmn_pos_train_000259.jpg","train/labels/uaemmn_pos_train_000259.txt","AlowaisEtAl_Meteord_Detection_YOLO/YOLO_UAEMMN_METEORS/M20191025_200352_Home_C10P.jpg","42"
"train","meteor","train/images/uaemmn_pos_train_000260.jpg","train/labels/uaemmn_pos_train_000260.txt","AlowaisEtAl_Meteord_Detection_YOLO/YOLO_UAEMMN_METEORS/M20211126_044806_YAHER_C16P.jpg","42"
"train","meteor","train/images/uaemmn_pos_train_000261.jpg","train/labels/uaemmn_pos_train_000261.txt","AlowaisEtAl_Meteord_Detection_YOLO/YOLO_UAEMMN_METEORS/M20220331_010111_Liwa_C13P.jpg","42"
"train","meteor","train/images/uaemmn_pos_train_000262.jpg","train/labels/uaemmn_pos_train_000262.txt","AlowaisEtAl_Meteord_Detection_YOLO/YOLO_UAEMMN_METEORS/M20191007_052621_SCASS_C16P.jpg","42"
"train","meteor","train/images/uaemmn_pos_train_000263.jpg","train/labels/uaemmn_pos_train_000263.txt","AlowaisEtAl_Meteord_Detection_YOLO/YOLO_UAEMMN_METEORS/M20191118_214344_SCASS_C5P.jpg","42"
"train","meteor","train/images/uaemmn_pos_train_000264.jpg","train/labels/uaemmn_pos_train_000264.txt","AlowaisEtAl_Meteord_Detection_YOLO/YOLO_UAEMMN_METEORS/M20191009_044840_SCASS_C11P.jpg","42"
"train","meteor","train/images/uaemmn_pos_train_000265.jpg","train/labels/uaemmn_pos_train_000265.txt","AlowaisEtAl_Meteord_Detection_YOLO/YOLO_UAEMMN_METEORS/M20191114_223838_Home_C11P.jpg","42"
"train","meteor","train/images/uaemmn_pos_train_000266.jpg","train/labels/uaemmn_pos_train_000266.txt","AlowaisEtAl_Meteord_Detection_YOLO/YOLO_UAEMMN_METEORS/M20191127_225111_SCASS_C13P.jpg","42"
"train","meteor","train/images/uaemmn_pos_train_000267.jpg","train/labels/uaemmn_pos_train_000267.txt","AlowaisEtAl_Meteord_Detection_YOLO/YOLO_UAEMMN_METEORS/M20211202_030344_Liwa_C03P.jpg","42"
"train","meteor","train/images/uaemmn_pos_train_000268.jpg","train/labels/uaemmn_pos_train_000268.txt","AlowaisEtAl_Meteord_Detection_YOLO/YOLO_UAEMMN_METEORS/M20211220_060235_Liwa_C15P.jpg","42"
"train","meteor","train/images/uaemmn_pos_train_000269.jpg","train/labels/uaemmn_pos_train_000269.txt","AlowaisEtAl_Meteord_Detection_YOLO/YOLO_UAEMMN_METEORS/M20191221_005040_Home_C14P.jpg","42"
"train","meteor","train/images/uaemmn_pos_train_000270.jpg","train/labels/uaemmn_pos_train_000270.txt","AlowaisEtAl_Meteord_Detection_YOLO/YOLO_UAEMMN_METEORS/M20211128_024918_YAHER_C16P.jpg","42"
"train","meteor","train/images/uaemmn_pos_train_000271.jpg","train/labels/uaemmn_pos_train_000271.txt","AlowaisEtAl_Meteord_Detection_YOLO/YOLO_UAEMMN_METEORS/M20191002_042256_SCASS_C8P.jpg","42"
"train","meteor","train/images/uaemmn_pos_train_000272.jpg","train/labels/uaemmn_pos_train_000272.txt","AlowaisEtAl_Meteord_Detection_YOLO/YOLO_UAEMMN_METEORS/M20211203_204150_Liwa_C13P.jpg","42"
"train","meteor","train/images/uaemmn_pos_train_000273.jpg","train/labels/uaemmn_pos_train_000273.txt","AlowaisEtAl_Meteord_Detection_YOLO/YOLO_UAEMMN_METEORS/M20211219_052554_Liwa_C3P.jpg","42"
"train","meteor","train/images/uaemmn_pos_train_000274.jpg","train/labels/uaemmn_pos_train_000274.txt","AlowaisEtAl_Meteord_Detection_YOLO/YOLO_UAEMMN_METEORS/M20191112_194831_SCASS_C1P.jpg","42"
"train","meteor","train/images/uaemmn_pos_train_000275.jpg","train/labels/uaemmn_pos_train_000275.txt","AlowaisEtAl_Meteord_Detection_YOLO/YOLO_UAEMMN_METEORS/M20220214_205228_Liwa_C10P.jpg","42"
"train","meteor","train/images/uaemmn_pos_train_000276.jpg","train/labels/uaemmn_pos_train_000276.txt","AlowaisEtAl_Meteord_Detection_YOLO/YOLO_UAEMMN_METEORS/M20190917_032504_SCASS_C4P.jpg","42"
"train","meteor","train/images/uaemmn_pos_train_000277.jpg","train/labels/uaemmn_pos_train_000277.txt","AlowaisEtAl_Meteord_Detection_YOLO/YOLO_UAEMMN_METEORS/M20191027_185729_Home_C5P.jpg","42"
"train","meteor","train/images/uaemmn_pos_train_000278.jpg","train/labels/uaemmn_pos_train_000278.txt","AlowaisEtAl_Meteord_Detection_YOLO/YOLO_UAEMMN_METEORS/M20200101_023722_YAHER_C1P.jpg","42"
"train","meteor","train/images/uaemmn_pos_train_000279.jpg","train/labels/uaemmn_pos_train_000279.txt","AlowaisEtAl_Meteord_Detection_YOLO/YOLO_UAEMMN_METEORS/M20220109_013444_YAHER_C13P.jpg","42"
"train","meteor","train/images/uaemmn_pos_train_000280.jpg","train/labels/uaemmn_pos_train_000280.txt","AlowaisEtAl_Meteord_Detection_YOLO/YOLO_UAEMMN_METEORS/M20211214_223639_Liwa_C09P.jpg","42"
"train","meteor","train/images/uaemmn_pos_train_000281.jpg","train/labels/uaemmn_pos_train_000281.txt","AlowaisEtAl_Meteord_Detection_YOLO/YOLO_UAEMMN_METEORS/M20220909_035116_YAHER_C8P.jpg","42"
"train","meteor","train/images/uaemmn_pos_train_000282.jpg","train/labels/uaemmn_pos_train_000282.txt","AlowaisEtAl_Meteord_Detection_YOLO/YOLO_UAEMMN_METEORS/M20191127_050827_SCASS_C3P.jpg","42"
"train","meteor","train/images/uaemmn_pos_train_000283.jpg","train/labels/uaemmn_pos_train_000283.txt","AlowaisEtAl_Meteord_Detection_YOLO/YOLO_UAEMMN_METEORS/M20220221_053852_Liwa_C15P.jpg","42"
"train","meteor","train/images/uaemmn_pos_train_000284.jpg","train/labels/uaemmn_pos_train_000284.txt","AlowaisEtAl_Meteord_Detection_YOLO/YOLO_UAEMMN_METEORS/M20190930_031146_SCASS_C6S.jpg","42"
"train","meteor","train/images/uaemmn_pos_train_000285.jpg","train/labels/uaemmn_pos_train_000285.txt","AlowaisEtAl_Meteord_Detection_YOLO/YOLO_UAEMMN_METEORS/M20211213_023403_Home_C15P.jpg","42"
"train","meteor","train/images/uaemmn_pos_train_000286.jpg","train/labels/uaemmn_pos_train_000286.txt","AlowaisEtAl_Meteord_Detection_YOLO/YOLO_UAEMMN_METEORS/M20211213_040037_Home_C16P.jpg","42"
"train","meteor","train/images/uaemmn_pos_train_000287.jpg","train/labels/uaemmn_pos_train_000287.txt","AlowaisEtAl_Meteord_Detection_YOLO/YOLO_UAEMMN_METEORS/M20191112_000739_SCASS_C3P.jpg","42"
"train","meteor","train/images/uaemmn_pos_train_000288.jpg","train/labels/uaemmn_pos_train_000288.txt","AlowaisEtAl_Meteord_Detection_YOLO/YOLO_UAEMMN_METEORS/M20191010_225809_Home_C8P.jpg","42"
"train","meteor","train/images/uaemmn_pos_train_000289.jpg","train/labels/uaemmn_pos_train_000289.txt","AlowaisEtAl_Meteord_Detection_YOLO/YOLO_UAEMMN_METEORS/M20200122_024720_SCASS_C13P.jpg","42"
"train","meteor","train/images/uaemmn_pos_train_000290.jpg","train/labels/uaemmn_pos_train_000290.txt","AlowaisEtAl_Meteord_Detection_YOLO/YOLO_UAEMMN_METEORS/M20191110_030900_SCASS_C11P.jpg","42"
"train","meteor","train/images/uaemmn_pos_train_000291.jpg","train/labels/uaemmn_pos_train_000291.txt","AlowaisEtAl_Meteord_Detection_YOLO/YOLO_UAEMMN_METEORS/M20211203_054219_Home_C1P.jpg","42"
"train","meteor","train/images/uaemmn_pos_train_000292.jpg","train/labels/uaemmn_pos_train_000292.txt","AlowaisEtAl_Meteord_Detection_YOLO/YOLO_UAEMMN_METEORS/M20191117_052815_SCASS_C4P.jpg","42"
"train","meteor","train/images/uaemmn_pos_train_000293.jpg","train/labels/uaemmn_pos_train_000293.txt","AlowaisEtAl_Meteord_Detection_YOLO/YOLO_UAEMMN_METEORS/M20191112_060236_Home_C11P.jpg","42"
"train","meteor","train/images/uaemmn_pos_train_000294.jpg","train/labels/uaemmn_pos_train_000294.txt","AlowaisEtAl_Meteord_Detection_YOLO/YOLO_UAEMMN_METEORS/M20200113_041057_SCASS_C2P.jpg","42"
"train","meteor","train/images/uaemmn_pos_train_000295.jpg","train/labels/uaemmn_pos_train_000295.txt","AlowaisEtAl_Meteord_Detection_YOLO/YOLO_UAEMMN_METEORS/M20191203_193352_SCASS_C7P.jpg","42"
"train","meteor","train/images/uaemmn_pos_train_000296.jpg","train/labels/uaemmn_pos_train_000296.txt","AlowaisEtAl_Meteord_Detection_YOLO/YOLO_UAEMMN_METEORS/M20220913_005759_YAHER_C15P.jpg","42"
"train","meteor","train/images/uaemmn_pos_train_000297.jpg","train/labels/uaemmn_pos_train_000297.txt","AlowaisEtAl_Meteord_Detection_YOLO/YOLO_UAEMMN_METEORS/M20211220_020945_YAHER_C16P.jpg","42"
"train","meteor","train/images/uaemmn_pos_train_000298.jpg","train/labels/uaemmn_pos_train_000298.txt","AlowaisEtAl_Meteord_Detection_YOLO/YOLO_UAEMMN_METEORS/M20190922_003022_Home_C8P.jpg","42"
"train","meteor","train/images/uaemmn_pos_train_000299.jpg","train/labels/uaemmn_pos_train_000299.txt","AlowaisEtAl_Meteord_Detection_YOLO/YOLO_UAEMMN_METEORS/M20191209_040529_SCASS_C2P.jpg","42"
"train","meteor","train/images/uaemmn_pos_train_000300.jpg","train/labels/uaemmn_pos_train_000300.txt","AlowaisEtAl_Meteord_Detection_YOLO/YOLO_UAEMMN_METEORS/M20191003_224029_Home_C16P.jpg","42"
"train","meteor","train/images/uaemmn_pos_train_000301.jpg","train/labels/uaemmn_pos_train_000301.txt","AlowaisEtAl_Meteord_Detection_YOLO/YOLO_UAEMMN_METEORS/M20201208_050838_Liwa_C1P.jpg","42"
"train","meteor","train/images/uaemmn_pos_train_000302.jpg","train/labels/uaemmn_pos_train_000302.txt","AlowaisEtAl_Meteord_Detection_YOLO/YOLO_UAEMMN_METEORS/M20191016_044420_SCASS_C2P.jpg","42"
"train","meteor","train/images/uaemmn_pos_train_000303.jpg","train/labels/uaemmn_pos_train_000303.txt","AlowaisEtAl_Meteord_Detection_YOLO/YOLO_UAEMMN_METEORS/M20191122_030636_SCASS_C10P.jpg","42"
"train","meteor","train/images/uaemmn_pos_train_000304.jpg","train/labels/uaemmn_pos_train_000304.txt","AlowaisEtAl_Meteord_Detection_YOLO/YOLO_UAEMMN_METEORS/M20201011_004913_Liwa_C1P.jpg","42"
"train","meteor","train/images/uaemmn_pos_train_000305.jpg","train/labels/uaemmn_pos_train_000305.txt","AlowaisEtAl_Meteord_Detection_YOLO/YOLO_UAEMMN_METEORS/M20191207_011012_Home_C11P.jpg","42"
"train","meteor","train/images/uaemmn_pos_train_000306.jpg","train/labels/uaemmn_pos_train_000306.txt","AlowaisEtAl_Meteord_Detection_YOLO/YOLO_UAEMMN_METEORS/M20190915_011256_SCASS_C1P.jpg","42"
"train","meteor","train/images/uaemmn_pos_train_000307.jpg","train/labels/uaemmn_pos_train_000307.txt","AlowaisEtAl_Meteord_Detection_YOLO/YOLO_UAEMMN_METEORS/M20210421_003944_Liwa_C02P.jpg","42"
"train","meteor","train/images/uaemmn_pos_train_000308.jpg","train/labels/uaemmn_pos_train_000308.txt","AlowaisEtAl_Meteord_Detection_YOLO/YOLO_UAEMMN_METEORS/M20191124_020632_SCASS_C4P.jpg","42"
"train","meteor","train/images/uaemmn_pos_train_000309.jpg","train/labels/uaemmn_pos_train_000309.txt","AlowaisEtAl_Meteord_Detection_YOLO/YOLO_UAEMMN_METEORS/M20220107_020438_Liwa_C3P.jpg","42"
"train","meteor","train/images/uaemmn_pos_train_000310.jpg","train/labels/uaemmn_pos_train_000310.txt","AlowaisEtAl_Meteord_Detection_YOLO/YOLO_UAEMMN_METEORS/M20191011_053132_SCASS_C5P.jpg","42"
"train","meteor","train/images/uaemmn_pos_train_000311.jpg","train/labels/uaemmn_pos_train_000311.txt","AlowaisEtAl_Meteord_Detection_YOLO/YOLO_UAEMMN_METEORS/M20210420_010616_Liwa_C15P.jpg","42"
"train","meteor","train/images/uaemmn_pos_train_000312.jpg","train/labels/uaemmn_pos_train_000312.txt","AlowaisEtAl_Meteord_Detection_YOLO/YOLO_UAEMMN_METEORS/M20190922_010956_SCASS_C2P.jpg","42"
"train","meteor","train/images/uaemmn_pos_train_000313.jpg","train/labels/uaemmn_pos_train_000313.txt","AlowaisEtAl_Meteord_Detection_YOLO/YOLO_UAEMMN_METEORS/M20191004_222320_SCASS_C13P.jpg","42"
"train","meteor","train/images/uaemmn_pos_train_000314.jpg","train/labels/uaemmn_pos_train_000314.txt","AlowaisEtAl_Meteord_Detection_YOLO/YOLO_UAEMMN_METEORS/M20211218_043929_Liwa_C4P.jpg","42"
"train","meteor","train/images/uaemmn_pos_train_000315.jpg","train/labels/uaemmn_pos_train_000315.txt","AlowaisEtAl_Meteord_Detection_YOLO/YOLO_UAEMMN_METEORS/M20211214_005237_Home_C13P.jpg","42"
"train","meteor","train/images/uaemmn_pos_train_000316.jpg","train/labels/uaemmn_pos_train_000316.txt","AlowaisEtAl_Meteord_Detection_YOLO/YOLO_UAEMMN_METEORS/M20191122_055137_SCASS_C12P.jpg","42"
"train","meteor","train/images/uaemmn_pos_train_000317.jpg","train/labels/uaemmn_pos_train_000317.txt","AlowaisEtAl_Meteord_Detection_YOLO/YOLO_UAEMMN_METEORS/M20191122_055137_SCASS_C13P.jpg","42"
"train","meteor","train/images/uaemmn_pos_train_000318.jpg","train/labels/uaemmn_pos_train_000318.txt","AlowaisEtAl_Meteord_Detection_YOLO/YOLO_UAEMMN_METEORS/M20191212_002302_Home_C11P.jpg","42"
"train","meteor","train/images/uaemmn_pos_train_000319.jpg","train/labels/uaemmn_pos_train_000319.txt","AlowaisEtAl_Meteord_Detection_YOLO/YOLO_UAEMMN_METEORS/M20210421_010914_Liwa_C01P.jpg","42"
"train","meteor","train/images/uaemmn_pos_train_000320.jpg","train/labels/uaemmn_pos_train_000320.txt","AlowaisEtAl_Meteord_Detection_YOLO/YOLO_UAEMMN_METEORS/M20191114_234313_SCASS_C16P.jpg","42"
"train","meteor","train/images/uaemmn_pos_train_000321.jpg","train/labels/uaemmn_pos_train_000321.txt","AlowaisEtAl_Meteord_Detection_YOLO/YOLO_UAEMMN_METEORS/M20191113_222801_SCASS_C9P.jpg","42"
"train","meteor","train/images/uaemmn_pos_train_000322.jpg","train/labels/uaemmn_pos_train_000322.txt","AlowaisEtAl_Meteord_Detection_YOLO/YOLO_UAEMMN_METEORS/M20191125_011654_Home_C1P.jpg","42"
"train","meteor","train/images/uaemmn_pos_train_000323.jpg","train/labels/uaemmn_pos_train_000323.txt","AlowaisEtAl_Meteord_Detection_YOLO/YOLO_UAEMMN_METEORS/M20191129_043055_SCASS_C10P.jpg","42"
"train","meteor","train/images/uaemmn_pos_train_000324.jpg","train/labels/uaemmn_pos_train_000324.txt","AlowaisEtAl_Meteord_Detection_YOLO/YOLO_UAEMMN_METEORS/M20191215_050135_Home_C11P.jpg","42"
"train","meteor","train/images/uaemmn_pos_train_000325.jpg","train/labels/uaemmn_pos_train_000325.txt","AlowaisEtAl_Meteord_Detection_YOLO/YOLO_UAEMMN_METEORS/M20191109_033413_SCASS_C3P.jpg","42"
"train","meteor","train/images/uaemmn_pos_train_000326.jpg","train/labels/uaemmn_pos_train_000326.txt","AlowaisEtAl_Meteord_Detection_YOLO/YOLO_UAEMMN_METEORS/M20191231_032331_Home_C3P.jpg","42"
"train","meteor","train/images/uaemmn_pos_train_000327.jpg","train/labels/uaemmn_pos_train_000327.txt","AlowaisEtAl_Meteord_Detection_YOLO/YOLO_UAEMMN_METEORS/M20211214_232501_Liwa_C16P.jpg","42"
"train","meteor","train/images/uaemmn_pos_train_000328.jpg","train/labels/uaemmn_pos_train_000328.txt","AlowaisEtAl_Meteord_Detection_YOLO/YOLO_UAEMMN_METEORS/M20191126_024610_SCASS_C14P.jpg","42"
"train","meteor","train/images/uaemmn_pos_train_000329.jpg","train/labels/uaemmn_pos_train_000329.txt","AlowaisEtAl_Meteord_Detection_YOLO/YOLO_UAEMMN_METEORS/M20211209_054941_Liwa_C13P.jpg","42"
"train","meteor","train/images/uaemmn_pos_train_000330.jpg","train/labels/uaemmn_pos_train_000330.txt","AlowaisEtAl_Meteord_Detection_YOLO/YOLO_UAEMMN_METEORS/M20191012_013443_SCASS_C1P.jpg","42"
"train","meteor","train/images/uaemmn_pos_train_000331.jpg","train/labels/uaemmn_pos_train_000331.txt","AlowaisEtAl_Meteord_Detection_YOLO/YOLO_UAEMMN_METEORS/M20191021_230419_Home_C11P.jpg","42"
"train","meteor","train/images/uaemmn_pos_train_000332.jpg","train/labels/uaemmn_pos_train_000332.txt","AlowaisEtAl_Meteord_Detection_YOLO/YOLO_UAEMMN_METEORS/M20211214_222325_YAHER_C14P.jpg","42"
"train","meteor","train/images/uaemmn_pos_train_000333.jpg","train/labels/uaemmn_pos_train_000333.txt","AlowaisEtAl_Meteord_Detection_YOLO/YOLO_UAEMMN_METEORS/M20191015_205030_SCASS_C2P.jpg","42"
"train","meteor","train/images/uaemmn_pos_train_000334.jpg","train/labels/uaemmn_pos_train_000334.txt","AlowaisEtAl_Meteord_Detection_YOLO/YOLO_UAEMMN_METEORS/M20191214_215801_Home_C14P.jpg","42"
"train","meteor","train/images/uaemmn_pos_train_000335.jpg","train/labels/uaemmn_pos_train_000335.txt","AlowaisEtAl_Meteord_Detection_YOLO/YOLO_UAEMMN_METEORS/M20211215_012305_YAHER_C8P.jpg","42"
"train","meteor","train/images/uaemmn_pos_train_000336.jpg","train/labels/uaemmn_pos_train_000336.txt","AlowaisEtAl_Meteord_Detection_YOLO/YOLO_UAEMMN_METEORS/M20191130_041529_SCASS_C4P.jpg","42"
"train","meteor","train/images/uaemmn_pos_train_000337.jpg","train/labels/uaemmn_pos_train_000337.txt","AlowaisEtAl_Meteord_Detection_YOLO/YOLO_UAEMMN_METEORS/M20211213_012845_Liwa_C02P.jpg","42"
"train","meteor","train/images/uaemmn_pos_train_000338.jpg","train/labels/uaemmn_pos_train_000338.txt","AlowaisEtAl_Meteord_Detection_YOLO/YOLO_UAEMMN_METEORS/M20200103_203116_YAHER_C1P.jpg","42"
"train","meteor","train/images/uaemmn_pos_train_000339.jpg","train/labels/uaemmn_pos_train_000339.txt","AlowaisEtAl_Meteord_Detection_YOLO/YOLO_UAEMMN_METEORS/M20191118_013042_Home_C12P.jpg","42"
"train","meteor","train/images/uaemmn_pos_train_000340.jpg","train/labels/uaemmn_pos_train_000340.txt","AlowaisEtAl_Meteord_Detection_YOLO/YOLO_UAEMMN_METEORS/M20191128_044228_SCASS_C15P.jpg","42"
"train","meteor","train/images/uaemmn_pos_train_000341.jpg","train/labels/uaemmn_pos_train_000341.txt","AlowaisEtAl_Meteord_Detection_YOLO/YOLO_UAEMMN_METEORS/M20190916_225324_Home_C10P.jpg","42"
"train","meteor","train/images/uaemmn_pos_train_000342.jpg","train/labels/uaemmn_pos_train_000342.txt","AlowaisEtAl_Meteord_Detection_YOLO/YOLO_UAEMMN_METEORS/M20200107_031428_YAHER_C9P.jpg","42"
"train","meteor","train/images/uaemmn_pos_train_000343.jpg","train/labels/uaemmn_pos_train_000343.txt","AlowaisEtAl_Meteord_Detection_YOLO/YOLO_UAEMMN_METEORS/M20190926_040700_SCASS_C6S.jpg","42"
"train","meteor","train/images/uaemmn_pos_train_000344.jpg","train/labels/uaemmn_pos_train_000344.txt","AlowaisEtAl_Meteord_Detection_YOLO/YOLO_UAEMMN_METEORS/M20220116_002300_YAHER_C13P.jpg","42"
"train","meteor","train/images/uaemmn_pos_train_000345.jpg","train/labels/uaemmn_pos_train_000345.txt","AlowaisEtAl_Meteord_Detection_YOLO/YOLO_UAEMMN_METEORS/M20210408_194307_Liwa_C14P.jpg","42"
"train","meteor","train/images/uaemmn_pos_train_000346.jpg","train/labels/uaemmn_pos_train_000346.txt","AlowaisEtAl_Meteord_Detection_YOLO/YOLO_UAEMMN_METEORS/M20190910_050439_SCASS_C5P.jpg","42"
"train","meteor","train/images/uaemmn_pos_train_000347.jpg","train/labels/uaemmn_pos_train_000347.txt","AlowaisEtAl_Meteord_Detection_YOLO/YOLO_UAEMMN_METEORS/M20211213_045600_Home_C15P.jpg","42"
"train","meteor","train/images/uaemmn_pos_train_000348.jpg","train/labels/uaemmn_pos_train_000348.txt","AlowaisEtAl_Meteord_Detection_YOLO/YOLO_UAEMMN_METEORS/M20210421_034029_Liwa_C14P.jpg","42"
"train","meteor","train/images/uaemmn_pos_train_000349.jpg","train/labels/uaemmn_pos_train_000349.txt","AlowaisEtAl_Meteord_Detection_YOLO/YOLO_UAEMMN_METEORS/M20220211_054735_Liwa_C13P.jpg","42"
"train","meteor","train/images/uaemmn_pos_train_000350.jpg","train/labels/uaemmn_pos_train_000350.txt","AlowaisEtAl_Meteord_Detection_YOLO/YOLO_UAEMMN_METEORS/M20220108_030349_YAHER_C14P.jpg","42"
"train","meteor","train/images/uaemmn_pos_train_000351.jpg","train/labels/uaemmn_pos_train_000351.txt","AlowaisEtAl_Meteord_Detection_YOLO/YOLO_UAEMMN_METEORS/M20211130_024100_YAHER_C8P.jpg","42"
"train","meteor","train/images/uaemmn_pos_train_000352.jpg","train/labels/uaemmn_pos_train_000352.txt","AlowaisEtAl_Meteord_Detection_YOLO/YOLO_UAEMMN_METEORS/M20211214_050804_Home_C13P.jpg","42"
"train","meteor","train/images/uaemmn_pos_train_000353.jpg","train/labels/uaemmn_pos_train_000353.txt","AlowaisEtAl_Meteord_Detection_YOLO/YOLO_UAEMMN_METEORS/M20220220_045214_Liwa_C2P.jpg","42"
"train","meteor","train/images/uaemmn_pos_train_000354.jpg","train/labels/uaemmn_pos_train_000354.txt","AlowaisEtAl_Meteord_Detection_YOLO/YOLO_UAEMMN_METEORS/M20191112_204019_SCASS_C1P.jpg","42"
"train","meteor","train/images/uaemmn_pos_train_000355.jpg","train/labels/uaemmn_pos_train_000355.txt","AlowaisEtAl_Meteord_Detection_YOLO/YOLO_UAEMMN_METEORS/M20190921_195602_SCASS_C7P.jpg","42"
"train","meteor","train/images/uaemmn_pos_train_000356.jpg","train/labels/uaemmn_pos_train_000356.txt","AlowaisEtAl_Meteord_Detection_YOLO/YOLO_UAEMMN_METEORS/M20191115_043522_SCASS_C3P.jpg","42"
"train","meteor","train/images/uaemmn_pos_train_000357.jpg","train/labels/uaemmn_pos_train_000357.txt","AlowaisEtAl_Meteord_Detection_YOLO/YOLO_UAEMMN_METEORS/M20220209_050836_Home_C16P.jpg","42"
"train","meteor","train/images/uaemmn_pos_train_000358.jpg","train/labels/uaemmn_pos_train_000358.txt","AlowaisEtAl_Meteord_Detection_YOLO/YOLO_UAEMMN_METEORS/M20200131_032123_Liwa_C13P.jpg","42"
"train","meteor","train/images/uaemmn_pos_train_000359.jpg","train/labels/uaemmn_pos_train_000359.txt","AlowaisEtAl_Meteord_Detection_YOLO/YOLO_UAEMMN_METEORS/M20191129_025351_SCASS_C7P.jpg","42"
"train","meteor","train/images/uaemmn_pos_train_000360.jpg","train/labels/uaemmn_pos_train_000360.txt","AlowaisEtAl_Meteord_Detection_YOLO/YOLO_UAEMMN_METEORS/M20191223_022036_Home_C10P.jpg","42"
"train","meteor","train/images/uaemmn_pos_train_000361.jpg","train/labels/uaemmn_pos_train_000361.txt","AlowaisEtAl_Meteord_Detection_YOLO/YOLO_UAEMMN_METEORS/M20220107_194217_Liwa_C4P.jpg","42"
"train","meteor","train/images/uaemmn_pos_train_000362.jpg","train/labels/uaemmn_pos_train_000362.txt","AlowaisEtAl_Meteord_Detection_YOLO/YOLO_UAEMMN_METEORS/M20191205_055839_SCASS_C14P.jpg","42"
"train","meteor","train/images/uaemmn_pos_train_000363.jpg","train/labels/uaemmn_pos_train_000363.txt","AlowaisEtAl_Meteord_Detection_YOLO/YOLO_UAEMMN_METEORS/M20211214_215634_Liwa_C15P.jpg","42"
"train","meteor","train/images/uaemmn_pos_train_000364.jpg","train/labels/uaemmn_pos_train_000364.txt","AlowaisEtAl_Meteord_Detection_YOLO/YOLO_UAEMMN_METEORS/M20190814_043743_Home_C16P.jpg","42"
"train","meteor","train/images/uaemmn_pos_train_000365.jpg","train/labels/uaemmn_pos_train_000365.txt","AlowaisEtAl_Meteord_Detection_YOLO/YOLO_UAEMMN_METEORS/M20220112_192648_Liwa_C15P.jpg","42"
"train","meteor","train/images/uaemmn_pos_train_000366.jpg","train/labels/uaemmn_pos_train_000366.txt","AlowaisEtAl_Meteord_Detection_YOLO/YOLO_UAEMMN_METEORS/M20210407_215825_Liwa_C0P.jpg","42"
"train","meteor","train/images/uaemmn_pos_train_000367.jpg","train/labels/uaemmn_pos_train_000367.txt","AlowaisEtAl_Meteord_Detection_YOLO/YOLO_UAEMMN_METEORS/M20211214_014346_Home_C8P.jpg","42"
"train","meteor","train/images/uaemmn_pos_train_000368.jpg","train/labels/uaemmn_pos_train_000368.txt","AlowaisEtAl_Meteord_Detection_YOLO/YOLO_UAEMMN_METEORS/M20191026_040743_Home_C5P.jpg","42"
"train","meteor","train/images/uaemmn_pos_train_000369.jpg","train/labels/uaemmn_pos_train_000369.txt","AlowaisEtAl_Meteord_Detection_YOLO/YOLO_UAEMMN_METEORS/M20200122_024647_SCASS_C1P.jpg","42"
"train","meteor","train/images/uaemmn_pos_train_000370.jpg","train/labels/uaemmn_pos_train_000370.txt","AlowaisEtAl_Meteord_Detection_YOLO/YOLO_UAEMMN_METEORS/M20191130_052023_SCASS_C2P.jpg","42"
"train","meteor","train/images/uaemmn_pos_train_000371.jpg","train/labels/uaemmn_pos_train_000371.txt","AlowaisEtAl_Meteord_Detection_YOLO/YOLO_UAEMMN_METEORS/M20191007_040729_SCASS_C1P.jpg","42"
"train","meteor","train/images/uaemmn_pos_train_000372.jpg","train/labels/uaemmn_pos_train_000372.txt","AlowaisEtAl_Meteord_Detection_YOLO/YOLO_UAEMMN_METEORS/M20211213_212735_Home_C4P.jpg","42"
"train","meteor","train/images/uaemmn_pos_train_000373.jpg","train/labels/uaemmn_pos_train_000373.txt","AlowaisEtAl_Meteord_Detection_YOLO/YOLO_UAEMMN_METEORS/M20190929_040705_SCASS_C6S.jpg","42"
"train","meteor","train/images/uaemmn_pos_train_000374.jpg","train/labels/uaemmn_pos_train_000374.txt","AlowaisEtAl_Meteord_Detection_YOLO/YOLO_UAEMMN_METEORS/M20211220_055536_Liwa_C15P.jpg","42"
"train","meteor","train/images/uaemmn_pos_train_000375.jpg","train/labels/uaemmn_pos_train_000375.txt","AlowaisEtAl_Meteord_Detection_YOLO/YOLO_UAEMMN_METEORS/M20191010_000630_SCASS_C2P.jpg","42"
"train","meteor","train/images/uaemmn_pos_train_000376.jpg","train/labels/uaemmn_pos_train_000376.txt","AlowaisEtAl_Meteord_Detection_YOLO/YOLO_UAEMMN_METEORS/M20211214_012531_Home_C11P.jpg","42"
"train","meteor","train/images/uaemmn_pos_train_000377.jpg","train/labels/uaemmn_pos_train_000377.txt","AlowaisEtAl_Meteord_Detection_YOLO/YOLO_UAEMMN_METEORS/M20220206_054341_Liwa_C2P.jpg","42"
"train","meteor","train/images/uaemmn_pos_train_000378.jpg","train/labels/uaemmn_pos_train_000378.txt","AlowaisEtAl_Meteord_Detection_YOLO/YOLO_UAEMMN_METEORS/M20191016_220512_Home_C10P.jpg","42"
"train","meteor","train/images/uaemmn_pos_train_000379.jpg","train/labels/uaemmn_pos_train_000379.txt","AlowaisEtAl_Meteord_Detection_YOLO/YOLO_UAEMMN_METEORS/M20191122_234321_Home_C3P.jpg","42"
"train","meteor","train/images/uaemmn_pos_train_000380.jpg","train/labels/uaemmn_pos_train_000380.txt","AlowaisEtAl_Meteord_Detection_YOLO/YOLO_UAEMMN_METEORS/M20191028_041708_SCASS_C9P.jpg","42"
"train","meteor","train/images/uaemmn_pos_train_000381.jpg","train/labels/uaemmn_pos_train_000381.txt","AlowaisEtAl_Meteord_Detection_YOLO/YOLO_UAEMMN_METEORS/M20191221_045613_Home_C11P.jpg","42"
"train","meteor","train/images/uaemmn_pos_train_000382.jpg","train/labels/uaemmn_pos_train_000382.txt","AlowaisEtAl_Meteord_Detection_YOLO/YOLO_UAEMMN_METEORS/M20200121_000526_SCASS_C4P.jpg","42"
"train","meteor","train/images/uaemmn_pos_train_000383.jpg","train/labels/uaemmn_pos_train_000383.txt","AlowaisEtAl_Meteord_Detection_YOLO/YOLO_UAEMMN_METEORS/M20191215_000305_Home_C11P.jpg","42"
"train","meteor","train/images/uaemmn_pos_train_000384.jpg","train/labels/uaemmn_pos_train_000384.txt","AlowaisEtAl_Meteord_Detection_YOLO/YOLO_UAEMMN_METEORS/M20200114_045041_SCASS_C4P.jpg","42"
"train","meteor","train/images/uaemmn_pos_train_000385.jpg","train/labels/uaemmn_pos_train_000385.txt","AlowaisEtAl_Meteord_Detection_YOLO/YOLO_UAEMMN_METEORS/M20200109_013201_YAHER_C6P.jpg","42"
"train","meteor","train/images/uaemmn_pos_train_000386.jpg","train/labels/uaemmn_pos_train_000386.txt","AlowaisEtAl_Meteord_Detection_YOLO/YOLO_UAEMMN_METEORS/M20191123_052542_SCASS_C2P.jpg","42"
"train","meteor","train/images/uaemmn_pos_train_000387.jpg","train/labels/uaemmn_pos_train_000387.txt","AlowaisEtAl_Meteord_Detection_YOLO/YOLO_UAEMMN_METEORS/M20191126_025657_SCASS_C16P.jpg","42"
"train","meteor","train/images/uaemmn_pos_train_000388.jpg","train/labels/uaemmn_pos_train_000388.txt","AlowaisEtAl_Meteord_Detection_YOLO/YOLO_UAEMMN_METEORS/M20191129_043112_SCASS_C13P.jpg","42"
"train","meteor","train/images/uaemmn_pos_train_000389.jpg","train/labels/uaemmn_pos_train_000389.txt","AlowaisEtAl_Meteord_Detection_YOLO/YOLO_UAEMMN_METEORS/M20191202_055127_SCASS_C16P.jpg","42"
"train","meteor","train/images/uaemmn_pos_train_000390.jpg","train/labels/uaemmn_pos_train_000390.txt","AlowaisEtAl_Meteord_Detection_YOLO/YOLO_UAEMMN_METEORS/M20191004_053755_Home_C10P.jpg","42"
"train","meteor","train/images/uaemmn_pos_train_000391.jpg","train/labels/uaemmn_pos_train_000391.txt","AlowaisEtAl_Meteord_Detection_YOLO/YOLO_UAEMMN_METEORS/M20191221_025830_Home_C10P.jpg","42"
"train","meteor","train/images/uaemmn_pos_train_000392.jpg","train/labels/uaemmn_pos_train_000392.txt","AlowaisEtAl_Meteord_Detection_YOLO/YOLO_UAEMMN_METEORS/M20200214_213646_Liwa_C13P.jpg","42"
"train","meteor","train/images/uaemmn_pos_train_000393.jpg","train/labels/uaemmn_pos_train_000393.txt","AlowaisEtAl_Meteord_Detection_YOLO/YOLO_UAEMMN_METEORS/M20211214_201104_Liwa_C04P.jpg","42"
"train","meteor","train/images/uaemmn_pos_train_000394.jpg","train/labels/uaemmn_pos_train_000394.txt","AlowaisEtAl_Meteord_Detection_YOLO/YOLO_UAEMMN_METEORS/M20211214_040010_Liwa_C02P.jpg","42"
"train","meteor","train/images/uaemmn_pos_train_000395.jpg","train/labels/uaemmn_pos_train_000395.txt","AlowaisEtAl_Meteord_Detection_YOLO/YOLO_UAEMMN_METEORS/M20211224_003730_Home_C11P.jpg","42"
"train","meteor","train/images/uaemmn_pos_train_000396.jpg","train/labels/uaemmn_pos_train_000396.txt","AlowaisEtAl_Meteord_Detection_YOLO/YOLO_UAEMMN_METEORS/M20221104_004626_Home_C2P.jpg","42"
"train","meteor","train/images/uaemmn_pos_train_000397.jpg","train/labels/uaemmn_pos_train_000397.txt","AlowaisEtAl_Meteord_Detection_YOLO/YOLO_UAEMMN_METEORS/M20191026_002112_SCASS_C1P.jpg","42"
"train","meteor","train/images/uaemmn_pos_train_000398.jpg","train/labels/uaemmn_pos_train_000398.txt","AlowaisEtAl_Meteord_Detection_YOLO/YOLO_UAEMMN_METEORS/M20200129_030650_Liwa_C3P.jpg","42"
"train","meteor","train/images/uaemmn_pos_train_000399.jpg","train/labels/uaemmn_pos_train_000399.txt","AlowaisEtAl_Meteord_Detection_YOLO/YOLO_UAEMMN_METEORS/M20191129_052820_SCASS_C3P.jpg","42"
"train","meteor","train/images/uaemmn_pos_train_000400.jpg","train/labels/uaemmn_pos_train_000400.txt","AlowaisEtAl_Meteord_Detection_YOLO/YOLO_UAEMMN_METEORS/M20190916_032148_SCASS_C13P.jpg","42"
"train","meteor","train/images/uaemmn_pos_train_000401.jpg","train/labels/uaemmn_pos_train_000401.txt","AlowaisEtAl_Meteord_Detection_YOLO/YOLO_UAEMMN_METEORS/M20191206_022420_SCASS_C3P.jpg","42"
"train","meteor","train/images/uaemmn_pos_train_000402.jpg","train/labels/uaemmn_pos_train_000402.txt","AlowaisEtAl_Meteord_Detection_YOLO/YOLO_UAEMMN_METEORS/M20191012_045614_SCASS_C2P.jpg","42"
"train","meteor","train/images/uaemmn_pos_train_000403.jpg","train/labels/uaemmn_pos_train_000403.txt","AlowaisEtAl_Meteord_Detection_YOLO/YOLO_UAEMMN_METEORS/M20191114_223849_SCASS_C9P.jpg","42"
"train","meteor","train/images/uaemmn_pos_train_000404.jpg","train/labels/uaemmn_pos_train_000404.txt","AlowaisEtAl_Meteord_Detection_YOLO/YOLO_UAEMMN_METEORS/M20191214_211040_Home_C3P.jpg","42"
"train","meteor","train/images/uaemmn_pos_train_000405.jpg","train/labels/uaemmn_pos_train_000405.txt","AlowaisEtAl_Meteord_Detection_YOLO/YOLO_UAEMMN_METEORS/M20191003_040933_Home_C4P.jpg","42"
"train","meteor","train/images/uaemmn_pos_train_000406.jpg","train/labels/uaemmn_pos_train_000406.txt","AlowaisEtAl_Meteord_Detection_YOLO/YOLO_UAEMMN_METEORS/M20191012_001234_SCASS_C16P.jpg","42"
"train","meteor","train/images/uaemmn_pos_train_000407.jpg","train/labels/uaemmn_pos_train_000407.txt","AlowaisEtAl_Meteord_Detection_YOLO/YOLO_UAEMMN_METEORS/M20211214_214508_Home_C16P.jpg","42"
"train","meteor","train/images/uaemmn_pos_train_000408.jpg","train/labels/uaemmn_pos_train_000408.txt","AlowaisEtAl_Meteord_Detection_YOLO/YOLO_UAEMMN_METEORS/M20191107_014435_Home_C16P.jpg","42"
"train","meteor","train/images/uaemmn_pos_train_000409.jpg","train/labels/uaemmn_pos_train_000409.txt","AlowaisEtAl_Meteord_Detection_YOLO/YOLO_UAEMMN_METEORS/M20220115_023933_Liwa_C15P.jpg","42"
"train","meteor","train/images/uaemmn_pos_train_000410.jpg","train/labels/uaemmn_pos_train_000410.txt","AlowaisEtAl_Meteord_Detection_YOLO/YOLO_UAEMMN_METEORS/M20191207_033207_SCASS_C2P.jpg","42"
"train","meteor","train/images/uaemmn_pos_train_000411.jpg","train/labels/uaemmn_pos_train_000411.txt","AlowaisEtAl_Meteord_Detection_YOLO/YOLO_UAEMMN_METEORS/M20211209_200504_Liwa_C03P.jpg","42"
"train","meteor","train/images/uaemmn_pos_train_000412.jpg","train/labels/uaemmn_pos_train_000412.txt","AlowaisEtAl_Meteord_Detection_YOLO/YOLO_UAEMMN_METEORS/M20191118_235544_Home_C2P.jpg","42"
"train","meteor","train/images/uaemmn_pos_train_000413.jpg","train/labels/uaemmn_pos_train_000413.txt","AlowaisEtAl_Meteord_Detection_YOLO/YOLO_UAEMMN_METEORS/M20190920_205357_Home_C10P.jpg","42"
"train","meteor","train/images/uaemmn_pos_train_000414.jpg","train/labels/uaemmn_pos_train_000414.txt","AlowaisEtAl_Meteord_Detection_YOLO/YOLO_UAEMMN_METEORS/M20210422_043537_Liwa_C13P.jpg","42"
"train","meteor","train/images/uaemmn_pos_train_000415.jpg","train/labels/uaemmn_pos_train_000415.txt","AlowaisEtAl_Meteord_Detection_YOLO/YOLO_UAEMMN_METEORS/M20211124_000104_YAHER_C3P.jpg","42"
"train","meteor","train/images/uaemmn_pos_train_000416.jpg","train/labels/uaemmn_pos_train_000416.txt","AlowaisEtAl_Meteord_Detection_YOLO/YOLO_UAEMMN_METEORS/M20211215_053903_YAHER_C3P.jpg","42"
"train","meteor","train/images/uaemmn_pos_train_000417.jpg","train/labels/uaemmn_pos_train_000417.txt","AlowaisEtAl_Meteord_Detection_YOLO/YOLO_UAEMMN_METEORS/M20191003_015037_SCASS_C3P.jpg","42"
"train","meteor","train/images/uaemmn_pos_train_000418.jpg","train/labels/uaemmn_pos_train_000418.txt","AlowaisEtAl_Meteord_Detection_YOLO/YOLO_UAEMMN_METEORS/M20211221_181732_YAHER_C1P.jpg","42"
"train","meteor","train/images/uaemmn_pos_train_000419.jpg","train/labels/uaemmn_pos_train_000419.txt","AlowaisEtAl_Meteord_Detection_YOLO/YOLO_UAEMMN_METEORS/M20191027_002724_SCASS_C3P.jpg","42"
"train","meteor","train/images/uaemmn_pos_train_000420.jpg","train/labels/uaemmn_pos_train_000420.txt","AlowaisEtAl_Meteord_Detection_YOLO/YOLO_UAEMMN_METEORS/M20190929_203635_SCASS_C1P.jpg","42"
"train","meteor","train/images/uaemmn_pos_train_000421.jpg","train/labels/uaemmn_pos_train_000421.txt","AlowaisEtAl_Meteord_Detection_YOLO/YOLO_UAEMMN_METEORS/M20211215_010905_YAHER_C12P.jpg","42"
"train","meteor","train/images/uaemmn_pos_train_000422.jpg","train/labels/uaemmn_pos_train_000422.txt","AlowaisEtAl_Meteord_Detection_YOLO/YOLO_UAEMMN_METEORS/M20190910_051605_SCASS_C13P.jpg","42"
"train","meteor","train/images/uaemmn_pos_train_000423.jpg","train/labels/uaemmn_pos_train_000423.txt","AlowaisEtAl_Meteord_Detection_YOLO/YOLO_UAEMMN_METEORS/M20191016_035519_SCASS_C14P.jpg","42"
"train","meteor","train/images/uaemmn_pos_train_000424.jpg","train/labels/uaemmn_pos_train_000424.txt","AlowaisEtAl_Meteord_Detection_YOLO/YOLO_UAEMMN_METEORS/M20191207_045821_SCASS_C2P.jpg","42"
"train","meteor","train/images/uaemmn_pos_train_000425.jpg","train/labels/uaemmn_pos_train_000425.txt","AlowaisEtAl_Meteord_Detection_YOLO/YOLO_UAEMMN_METEORS/M20200122_034224_SCASS_C4P.jpg","42"
"train","meteor","train/images/uaemmn_pos_train_000426.jpg","train/labels/uaemmn_pos_train_000426.txt","AlowaisEtAl_Meteord_Detection_YOLO/YOLO_UAEMMN_METEORS/M20191215_044119_Home_C14P.jpg","42"
"train","meteor","train/images/uaemmn_pos_train_000427.jpg","train/labels/uaemmn_pos_train_000427.txt","AlowaisEtAl_Meteord_Detection_YOLO/YOLO_UAEMMN_METEORS/M20191001_041954_SCASS_C4P.jpg","42"
"train","meteor","train/images/uaemmn_pos_train_000428.jpg","train/labels/uaemmn_pos_train_000428.txt","AlowaisEtAl_Meteord_Detection_YOLO/YOLO_UAEMMN_METEORS/M20191121_035625_SCASS_C13P.jpg","42"
"train","meteor","train/images/uaemmn_pos_train_000429.jpg","train/labels/uaemmn_pos_train_000429.txt","AlowaisEtAl_Meteord_Detection_YOLO/YOLO_UAEMMN_METEORS/M20191113_054636_SCASS_C4P.jpg","42"
"train","meteor","train/images/uaemmn_pos_train_000430.jpg","train/labels/uaemmn_pos_train_000430.txt","AlowaisEtAl_Meteord_Detection_YOLO/YOLO_UAEMMN_METEORS/M20191210_015401_Home_C9P.jpg","42"
"train","meteor","train/images/uaemmn_pos_train_000431.jpg","train/labels/uaemmn_pos_train_000431.txt","AlowaisEtAl_Meteord_Detection_YOLO/YOLO_UAEMMN_METEORS/M20191126_052312_SCASS_C4P.jpg","42"
"train","meteor","train/images/uaemmn_pos_train_000432.jpg","train/labels/uaemmn_pos_train_000432.txt","AlowaisEtAl_Meteord_Detection_YOLO/YOLO_UAEMMN_METEORS/M20191201_034319_SCASS_C4P.jpg","42"
"train","meteor","train/images/uaemmn_pos_train_000433.jpg","train/labels/uaemmn_pos_train_000433.txt","AlowaisEtAl_Meteord_Detection_YOLO/YOLO_UAEMMN_METEORS/M20191117_022310_Home_C10P.jpg","42"
"train","meteor","train/images/uaemmn_pos_train_000434.jpg","train/labels/uaemmn_pos_train_000434.txt","AlowaisEtAl_Meteord_Detection_YOLO/YOLO_UAEMMN_METEORS/M20191214_230145_Home_C12P.jpg","42"
"train","meteor","train/images/uaemmn_pos_train_000435.jpg","train/labels/uaemmn_pos_train_000435.txt","AlowaisEtAl_Meteord_Detection_YOLO/YOLO_UAEMMN_METEORS/M20211210_004610_Liwa_C15P.jpg","42"
"train","meteor","train/images/uaemmn_pos_train_000436.jpg","train/labels/uaemmn_pos_train_000436.txt","AlowaisEtAl_Meteord_Detection_YOLO/YOLO_UAEMMN_METEORS/M20191221_004613_Home_C1P.jpg","42"
"train","meteor","train/images/uaemmn_pos_train_000437.jpg","train/labels/uaemmn_pos_train_000437.txt","AlowaisEtAl_Meteord_Detection_YOLO/YOLO_UAEMMN_METEORS/M20191214_223640_Home_C14P.jpg","42"
"train","meteor","train/images/uaemmn_pos_train_000438.jpg","train/labels/uaemmn_pos_train_000438.txt","AlowaisEtAl_Meteord_Detection_YOLO/YOLO_UAEMMN_METEORS/M20220107_222419_YAHER_C16P.jpg","42"
"train","meteor","train/images/uaemmn_pos_train_000439.jpg","train/labels/uaemmn_pos_train_000439.txt","AlowaisEtAl_Meteord_Detection_YOLO/YOLO_UAEMMN_METEORS/M20211125_185234_YAHER_C14P.jpg","42"
"train","meteor","train/images/uaemmn_pos_train_000440.jpg","train/labels/uaemmn_pos_train_000440.txt","AlowaisEtAl_Meteord_Detection_YOLO/YOLO_UAEMMN_METEORS/M20211215_012124_YAHER_C12P.jpg","42"
"train","meteor","train/images/uaemmn_pos_train_000441.jpg","train/labels/uaemmn_pos_train_000441.txt","AlowaisEtAl_Meteord_Detection_YOLO/YOLO_UAEMMN_METEORS/M20220112_041926_YAHER_C16P.jpg","42"
"train","meteor","train/images/uaemmn_pos_train_000442.jpg","train/labels/uaemmn_pos_train_000442.txt","AlowaisEtAl_Meteord_Detection_YOLO/YOLO_UAEMMN_METEORS/M20190917_052953_SCASS_C8P.jpg","42"
"train","meteor","train/images/uaemmn_pos_train_000443.jpg","train/labels/uaemmn_pos_train_000443.txt","AlowaisEtAl_Meteord_Detection_YOLO/YOLO_UAEMMN_METEORS/M20191205_050241_Home_C13P.jpg","42"
"train","meteor","train/images/uaemmn_pos_train_000444.jpg","train/labels/uaemmn_pos_train_000444.txt","AlowaisEtAl_Meteord_Detection_YOLO/YOLO_UAEMMN_METEORS/M20191113_054636_SCASS_C5P.jpg","42"
"train","meteor","train/images/uaemmn_pos_train_000445.jpg","train/labels/uaemmn_pos_train_000445.txt","AlowaisEtAl_Meteord_Detection_YOLO/YOLO_UAEMMN_METEORS/M20191227_045728_Home_C14P.jpg","42"
"train","meteor","train/images/uaemmn_pos_train_000446.jpg","train/labels/uaemmn_pos_train_000446.txt","AlowaisEtAl_Meteord_Detection_YOLO/YOLO_UAEMMN_METEORS/M20211222_011040_Home_C10P.jpg","42"
"train","meteor","train/images/uaemmn_pos_train_000447.jpg","train/labels/uaemmn_pos_train_000447.txt","AlowaisEtAl_Meteord_Detection_YOLO/YOLO_UAEMMN_METEORS/M20220107_052813_Liwa_C2P.jpg","42"
"train","meteor","train/images/uaemmn_pos_train_000448.jpg","train/labels/uaemmn_pos_train_000448.txt","AlowaisEtAl_Meteord_Detection_YOLO/YOLO_UAEMMN_METEORS/M20220512_222854_Home_C16P.jpg","42"
"train","meteor","train/images/uaemmn_pos_train_000449.jpg","train/labels/uaemmn_pos_train_000449.txt","AlowaisEtAl_Meteord_Detection_YOLO/YOLO_UAEMMN_METEORS/M20190914_221517_SCASS_C8P.jpg","42"
"train","meteor","train/images/uaemmn_pos_train_000450.jpg","train/labels/uaemmn_pos_train_000450.txt","AlowaisEtAl_Meteord_Detection_YOLO/YOLO_UAEMMN_METEORS/M20211214_043338_Liwa_C03P.jpg","42"
"train","meteor","train/images/uaemmn_pos_train_000451.jpg","train/labels/uaemmn_pos_train_000451.txt","AlowaisEtAl_Meteord_Detection_YOLO/YOLO_UAEMMN_METEORS/M20191130_055500_SCASS_C2P.jpg","42"
"train","meteor","train/images/uaemmn_pos_train_000452.jpg","train/labels/uaemmn_pos_train_000452.txt","AlowaisEtAl_Meteord_Detection_YOLO/YOLO_UAEMMN_METEORS/M20211214_224414_Home_C13P.jpg","42"
"train","meteor","train/images/uaemmn_pos_train_000453.jpg","train/labels/uaemmn_pos_train_000453.txt","AlowaisEtAl_Meteord_Detection_YOLO/YOLO_UAEMMN_METEORS/M20190922_035214_SCASS_C3P.jpg","42"
"train","meteor","train/images/uaemmn_pos_train_000454.jpg","train/labels/uaemmn_pos_train_000454.txt","AlowaisEtAl_Meteord_Detection_YOLO/YOLO_UAEMMN_METEORS/M20210401_024001_Liwa_C0P.jpg","42"
"train","meteor","train/images/uaemmn_pos_train_000455.jpg","train/labels/uaemmn_pos_train_000455.txt","AlowaisEtAl_Meteord_Detection_YOLO/YOLO_UAEMMN_METEORS/M20191114_221934_SCASS_C3P.jpg","42"
"train","meteor","train/images/uaemmn_pos_train_000456.jpg","train/labels/uaemmn_pos_train_000456.txt","AlowaisEtAl_Meteord_Detection_YOLO/YOLO_UAEMMN_METEORS/M20211213_040037_Home_C15P.jpg","42"
"train","meteor","train/images/uaemmn_pos_train_000457.jpg","train/labels/uaemmn_pos_train_000457.txt","AlowaisEtAl_Meteord_Detection_YOLO/YOLO_UAEMMN_METEORS/M20191119_050723_SCASS_C16P.jpg","42"
"train","meteor","train/images/uaemmn_pos_train_000458.jpg","train/labels/uaemmn_pos_train_000458.txt","AlowaisEtAl_Meteord_Detection_YOLO/YOLO_UAEMMN_METEORS/M20191123_051207_Home_C10P.jpg","42"
"train","meteor","train/images/uaemmn_pos_train_000459.jpg","train/labels/uaemmn_pos_train_000459.txt","AlowaisEtAl_Meteord_Detection_YOLO/YOLO_UAEMMN_METEORS/M20211223_213542_YAHER_C16P.jpg","42"
"train","meteor","train/images/uaemmn_pos_train_000460.jpg","train/labels/uaemmn_pos_train_000460.txt","AlowaisEtAl_Meteord_Detection_YOLO/YOLO_UAEMMN_METEORS/M20191017_230224_SCASS_C2P.jpg","42"
"train","meteor","train/images/uaemmn_pos_train_000461.jpg","train/labels/uaemmn_pos_train_000461.txt","AlowaisEtAl_Meteord_Detection_YOLO/YOLO_UAEMMN_METEORS/M20200123_021620_SCASS_C8P.jpg","42"
"train","meteor","train/images/uaemmn_pos_train_000462.jpg","train/labels/uaemmn_pos_train_000462.txt","AlowaisEtAl_Meteord_Detection_YOLO/YOLO_UAEMMN_METEORS/M20191209_211147_Home_C9P.jpg","42"
"train","meteor","train/images/uaemmn_pos_train_000463.jpg","train/labels/uaemmn_pos_train_000463.txt","AlowaisEtAl_Meteord_Detection_YOLO/YOLO_UAEMMN_METEORS/M20191116_051638_SCASS_C12P.jpg","42"
"train","meteor","train/images/uaemmn_pos_train_000464.jpg","train/labels/uaemmn_pos_train_000464.txt","AlowaisEtAl_Meteord_Detection_YOLO/YOLO_UAEMMN_METEORS/M20221024_000320_Home_C14P.jpg","42"
"train","meteor","train/images/uaemmn_pos_train_000465.jpg","train/labels/uaemmn_pos_train_000465.txt","AlowaisEtAl_Meteord_Detection_YOLO/YOLO_UAEMMN_METEORS/M20190922_002448_SCASS_C12P.jpg","42"
"train","meteor","train/images/uaemmn_pos_train_000466.jpg","train/labels/uaemmn_pos_train_000466.txt","AlowaisEtAl_Meteord_Detection_YOLO/YOLO_UAEMMN_METEORS/M20191024_053426_SCASS_C3P.jpg","42"
"train","meteor","train/images/uaemmn_pos_train_000467.jpg","train/labels/uaemmn_pos_train_000467.txt","AlowaisEtAl_Meteord_Detection_YOLO/YOLO_UAEMMN_METEORS/M20210425_223427_Liwa_C16P.jpg","42"
"train","meteor","train/images/uaemmn_pos_train_000468.jpg","train/labels/uaemmn_pos_train_000468.txt","AlowaisEtAl_Meteord_Detection_YOLO/YOLO_UAEMMN_METEORS/M20220511_024144_YAHER_C8P.jpg","42"
"train","meteor","train/images/uaemmn_pos_train_000469.jpg","train/labels/uaemmn_pos_train_000469.txt","AlowaisEtAl_Meteord_Detection_YOLO/YOLO_UAEMMN_METEORS/M20191027_052829_SCASS_C1P.jpg","42"
"train","meteor","train/images/uaemmn_pos_train_000470.jpg","train/labels/uaemmn_pos_train_000470.txt","AlowaisEtAl_Meteord_Detection_YOLO/YOLO_UAEMMN_METEORS/M20211214_050759_Home_C1P.jpg","42"
"train","meteor","train/images/uaemmn_pos_train_000471.jpg","train/labels/uaemmn_pos_train_000471.txt","AlowaisEtAl_Meteord_Detection_YOLO/YOLO_UAEMMN_METEORS/M20190919_040322_SCASS_C3P.jpg","42"
"train","meteor","train/images/uaemmn_pos_train_000472.jpg","train/labels/uaemmn_pos_train_000472.txt","AlowaisEtAl_Meteord_Detection_YOLO/YOLO_UAEMMN_METEORS/M20191023_014453_SCASS_C1P.jpg","42"
"train","meteor","train/images/uaemmn_pos_train_000473.jpg","train/labels/uaemmn_pos_train_000473.txt","AlowaisEtAl_Meteord_Detection_YOLO/YOLO_UAEMMN_METEORS/M20211217_003822_YAHER_C1P.jpg","42"
"train","meteor","train/images/uaemmn_pos_train_000474.jpg","train/labels/uaemmn_pos_train_000474.txt","AlowaisEtAl_Meteord_Detection_YOLO/YOLO_UAEMMN_METEORS/M20191113_045651_Home_C11P.jpg","42"
"train","meteor","train/images/uaemmn_pos_train_000475.jpg","train/labels/uaemmn_pos_train_000475.txt","AlowaisEtAl_Meteord_Detection_YOLO/YOLO_UAEMMN_METEORS/M20221101_013153_Home_C13P.jpg","42"
"train","meteor","train/images/uaemmn_pos_train_000476.jpg","train/labels/uaemmn_pos_train_000476.txt","AlowaisEtAl_Meteord_Detection_YOLO/YOLO_UAEMMN_METEORS/M20220217_233143_Liwa_C3P.jpg","42"
"train","meteor","train/images/uaemmn_pos_train_000477.jpg","train/labels/uaemmn_pos_train_000477.txt","AlowaisEtAl_Meteord_Detection_YOLO/YOLO_UAEMMN_METEORS/M20211220_042058_YAHER_C15P.jpg","42"
"train","meteor","train/images/uaemmn_pos_train_000478.jpg","train/labels/uaemmn_pos_train_000478.txt","AlowaisEtAl_Meteord_Detection_YOLO/YOLO_UAEMMN_METEORS/M20200118_010731_SCASS_C2P.jpg","42"
"train","meteor","train/images/uaemmn_pos_train_000479.jpg","train/labels/uaemmn_pos_train_000479.txt","AlowaisEtAl_Meteord_Detection_YOLO/YOLO_UAEMMN_METEORS/M20190904_035744_SCASS_C14P.jpg","42"
"train","meteor","train/images/uaemmn_pos_train_000480.jpg","train/labels/uaemmn_pos_train_000480.txt","AlowaisEtAl_Meteord_Detection_YOLO/YOLO_UAEMMN_METEORS/M20190514_032203_Home_C4P.jpg","42"
"train","meteor","train/images/uaemmn_pos_train_000481.jpg","train/labels/uaemmn_pos_train_000481.txt","AlowaisEtAl_Meteord_Detection_YOLO/YOLO_UAEMMN_METEORS/M20210405_015658_Liwa_C0P.jpg","42"
"train","meteor","train/images/uaemmn_pos_train_000482.jpg","train/labels/uaemmn_pos_train_000482.txt","AlowaisEtAl_Meteord_Detection_YOLO/YOLO_UAEMMN_METEORS/M20211220_055536_YAHER_C5P.jpg","42"
"train","meteor","train/images/uaemmn_pos_train_000483.jpg","train/labels/uaemmn_pos_train_000483.txt","AlowaisEtAl_Meteord_Detection_YOLO/YOLO_UAEMMN_METEORS/M20211231_043804_YAHER_C15P.jpg","42"
"train","meteor","train/images/uaemmn_pos_train_000484.jpg","train/labels/uaemmn_pos_train_000484.txt","AlowaisEtAl_Meteord_Detection_YOLO/YOLO_UAEMMN_METEORS/M20220105_190504_Liwa_C1P.jpg","42"
"train","meteor","train/images/uaemmn_pos_train_000485.jpg","train/labels/uaemmn_pos_train_000485.txt","AlowaisEtAl_Meteord_Detection_YOLO/YOLO_UAEMMN_METEORS/M20211231_021803_Liwa_C3P.jpg","42"
"train","meteor","train/images/uaemmn_pos_train_000486.jpg","train/labels/uaemmn_pos_train_000486.txt","AlowaisEtAl_Meteord_Detection_YOLO/YOLO_UAEMMN_METEORS/M20190719_024628_Home_C11P.jpg","42"
"train","meteor","train/images/uaemmn_pos_train_000487.jpg","train/labels/uaemmn_pos_train_000487.txt","AlowaisEtAl_Meteord_Detection_YOLO/YOLO_UAEMMN_METEORS/M20190920_020550_SCASS_C1P.jpg","42"
"train","meteor","train/images/uaemmn_pos_train_000488.jpg","train/labels/uaemmn_pos_train_000488.txt","AlowaisEtAl_Meteord_Detection_YOLO/YOLO_UAEMMN_METEORS/M20191203_054222_SCASS_C14P.jpg","42"
"train","meteor","train/images/uaemmn_pos_train_000489.jpg","train/labels/uaemmn_pos_train_000489.txt","AlowaisEtAl_Meteord_Detection_YOLO/YOLO_UAEMMN_METEORS/M20211214_040038_Home_C3P.jpg","42"
"train","meteor","train/images/uaemmn_pos_train_000490.jpg","train/labels/uaemmn_pos_train_000490.txt","AlowaisEtAl_Meteord_Detection_YOLO/YOLO_UAEMMN_METEORS/M20200108_035300_YAHER_C16P.jpg","42"
"train","meteor","train/images/uaemmn_pos_train_000491.jpg","train/labels/uaemmn_pos_train_000491.txt","AlowaisEtAl_Meteord_Detection_YOLO/YOLO_UAEMMN_METEORS/M20211210_033351_Home_C2P.jpg","42"
"train","meteor","train/images/uaemmn_pos_train_000492.jpg","train/labels/uaemmn_pos_train_000492.txt","AlowaisEtAl_Meteord_Detection_YOLO/YOLO_UAEMMN_METEORS/M20211207_043147_Liwa_C14P.jpg","42"
"train","meteor","train/images/uaemmn_pos_train_000493.jpg","train/labels/uaemmn_pos_train_000493.txt","AlowaisEtAl_Meteord_Detection_YOLO/YOLO_UAEMMN_METEORS/M20191231_024951_Home_C10P.jpg","42"
"train","meteor","train/images/uaemmn_pos_train_000494.jpg","train/labels/uaemmn_pos_train_000494.txt","AlowaisEtAl_Meteord_Detection_YOLO/YOLO_UAEMMN_METEORS/M20200130_053428_Liwa_C1P.jpg","42"
"train","meteor","train/images/uaemmn_pos_train_000495.jpg","train/labels/uaemmn_pos_train_000495.txt","AlowaisEtAl_Meteord_Detection_YOLO/YOLO_UAEMMN_METEORS/M20211214_195241_YAHER_C15P.jpg","42"
"train","meteor","train/images/uaemmn_pos_train_000496.jpg","train/labels/uaemmn_pos_train_000496.txt","AlowaisEtAl_Meteord_Detection_YOLO/YOLO_UAEMMN_METEORS/M20211209_040256_Liwa_C15P.jpg","42"
"train","meteor","train/images/uaemmn_pos_train_000497.jpg","train/labels/uaemmn_pos_train_000497.txt","AlowaisEtAl_Meteord_Detection_YOLO/YOLO_UAEMMN_METEORS/M20220102_024413_Liwa_C13P.jpg","42"
"train","meteor","train/images/uaemmn_pos_train_000498.jpg","train/labels/uaemmn_pos_train_000498.txt","AlowaisEtAl_Meteord_Detection_YOLO/YOLO_UAEMMN_METEORS/M20191026_015125_SCASS_C16P.jpg","42"
"train","meteor","train/images/uaemmn_pos_train_000499.jpg","train/labels/uaemmn_pos_train_000499.txt","AlowaisEtAl_Meteord_Detection_YOLO/YOLO_UAEMMN_METEORS/M20191020_004126_Home_C6P.jpg","42"
"train","meteor","train/images/uaemmn_pos_train_000500.jpg","train/labels/uaemmn_pos_train_000500.txt","AlowaisEtAl_Meteord_Detection_YOLO/YOLO_UAEMMN_METEORS/M20191205_225748_SCASS_C6S.jpg","42"
"train","meteor","train/images/uaemmn_pos_train_000501.jpg","train/labels/uaemmn_pos_train_000501.txt","AlowaisEtAl_Meteord_Detection_YOLO/YOLO_UAEMMN_METEORS/M20191006_035738_SCASS_C3P.jpg","42"
"train","meteor","train/images/uaemmn_pos_train_000502.jpg","train/labels/uaemmn_pos_train_000502.txt","AlowaisEtAl_Meteord_Detection_YOLO/YOLO_UAEMMN_METEORS/M20211214_013126_Home_C7P.jpg","42"
"train","meteor","train/images/uaemmn_pos_train_000503.jpg","train/labels/uaemmn_pos_train_000503.txt","AlowaisEtAl_Meteord_Detection_YOLO/YOLO_UAEMMN_METEORS/M20200103_044006_YAHER_C3P.jpg","42"
"train","meteor","train/images/uaemmn_pos_train_000504.jpg","train/labels/uaemmn_pos_train_000504.txt","AlowaisEtAl_Meteord_Detection_YOLO/YOLO_UAEMMN_METEORS/M20211228_025648_YAHER_C11P.jpg","42"
"train","meteor","train/images/uaemmn_pos_train_000505.jpg","train/labels/uaemmn_pos_train_000505.txt","AlowaisEtAl_Meteord_Detection_YOLO/YOLO_UAEMMN_METEORS/M20200116_234709_SCASS_C12P.jpg","42"
"train","meteor","train/images/uaemmn_pos_train_000506.jpg","train/labels/uaemmn_pos_train_000506.txt","AlowaisEtAl_Meteord_Detection_YOLO/YOLO_UAEMMN_METEORS/M20220419_031619_YAHER_C8P.jpg","42"
"train","meteor","train/images/uaemmn_pos_train_000507.jpg","train/labels/uaemmn_pos_train_000507.txt","AlowaisEtAl_Meteord_Detection_YOLO/YOLO_UAEMMN_METEORS/M20191028_025320_SCASS_C2P.jpg","42"
"train","meteor","train/images/uaemmn_pos_train_000508.jpg","train/labels/uaemmn_pos_train_000508.txt","AlowaisEtAl_Meteord_Detection_YOLO/YOLO_UAEMMN_METEORS/M20220116_043534_Liwa_C15P.jpg","42"
"train","meteor","train/images/uaemmn_pos_train_000509.jpg","train/labels/uaemmn_pos_train_000509.txt","AlowaisEtAl_Meteord_Detection_YOLO/YOLO_UAEMMN_METEORS/M20200123_003729_Liwa_C4P.jpg","42"
"train","meteor","train/images/uaemmn_pos_train_000510.jpg","train/labels/uaemmn_pos_train_000510.txt","AlowaisEtAl_Meteord_Detection_YOLO/YOLO_UAEMMN_METEORS/M20190921_195111_SCASS_C3P.jpg","42"
"train","meteor","train/images/uaemmn_pos_train_000511.jpg","train/labels/uaemmn_pos_train_000511.txt","AlowaisEtAl_Meteord_Detection_YOLO/YOLO_UAEMMN_METEORS/M20210424_222917_Liwa_C14P.jpg","42"
"train","meteor","train/images/uaemmn_pos_train_000512.jpg","train/labels/uaemmn_pos_train_000512.txt","AlowaisEtAl_Meteord_Detection_YOLO/YOLO_UAEMMN_METEORS/M20190912_205853_SCASS_C16P.jpg","42"
"train","meteor","train/images/uaemmn_pos_train_000513.jpg","train/labels/uaemmn_pos_train_000513.txt","AlowaisEtAl_Meteord_Detection_YOLO/YOLO_UAEMMN_METEORS/M20191107_004315_SCASS_C3P.jpg","42"
"train","meteor","train/images/uaemmn_pos_train_000514.jpg","train/labels/uaemmn_pos_train_000514.txt","AlowaisEtAl_Meteord_Detection_YOLO/YOLO_UAEMMN_METEORS/M20191122_022753_Home_C3P.jpg","42"
"train","meteor","train/images/uaemmn_pos_train_000515.jpg","train/labels/uaemmn_pos_train_000515.txt","AlowaisEtAl_Meteord_Detection_YOLO/YOLO_UAEMMN_METEORS/M20220324_034533_Liwa_C6P.jpg","42"
"train","meteor","train/images/uaemmn_pos_train_000516.jpg","train/labels/uaemmn_pos_train_000516.txt","AlowaisEtAl_Meteord_Detection_YOLO/YOLO_UAEMMN_METEORS/M20191102_035525_SCASS_C3P.jpg","42"
"train","meteor","train/images/uaemmn_pos_train_000517.jpg","train/labels/uaemmn_pos_train_000517.txt","AlowaisEtAl_Meteord_Detection_YOLO/YOLO_UAEMMN_METEORS/M20191204_051354_SCASS_C4P.jpg","42"
"train","meteor","train/images/uaemmn_pos_train_000518.jpg","train/labels/uaemmn_pos_train_000518.txt","AlowaisEtAl_Meteord_Detection_YOLO/YOLO_UAEMMN_METEORS/M20191215_055718_Home_C4P.jpg","42"
"train","meteor","train/images/uaemmn_pos_train_000519.jpg","train/labels/uaemmn_pos_train_000519.txt","AlowaisEtAl_Meteord_Detection_YOLO/YOLO_UAEMMN_METEORS/M20191013_215138_SCASS_C4P.jpg","42"
"train","meteor","train/images/uaemmn_pos_train_000520.jpg","train/labels/uaemmn_pos_train_000520.txt","AlowaisEtAl_Meteord_Detection_YOLO/YOLO_UAEMMN_METEORS/M20190922_052257_SCASS_C1P.jpg","42"
"train","meteor","train/images/uaemmn_pos_train_000521.jpg","train/labels/uaemmn_pos_train_000521.txt","AlowaisEtAl_Meteord_Detection_YOLO/YOLO_UAEMMN_METEORS/M20211204_042348_Liwa_C13P.jpg","42"
"train","meteor","train/images/uaemmn_pos_train_000522.jpg","train/labels/uaemmn_pos_train_000522.txt","AlowaisEtAl_Meteord_Detection_YOLO/YOLO_UAEMMN_METEORS/M20191116_014909_Home_C6P.jpg","42"
"train","meteor","train/images/uaemmn_pos_train_000523.jpg","train/labels/uaemmn_pos_train_000523.txt","AlowaisEtAl_Meteord_Detection_YOLO/YOLO_UAEMMN_METEORS/M20210419_004637_Liwa_C14P.jpg","42"
"train","meteor","train/images/uaemmn_pos_train_000524.jpg","train/labels/uaemmn_pos_train_000524.txt","AlowaisEtAl_Meteord_Detection_YOLO/YOLO_UAEMMN_METEORS/M20190908_025132_SCASS_C8P.jpg","42"
"train","meteor","train/images/uaemmn_pos_train_000525.jpg","train/labels/uaemmn_pos_train_000525.txt","AlowaisEtAl_Meteord_Detection_YOLO/YOLO_UAEMMN_METEORS/M20191125_004508_Home_C16P.jpg","42"
"train","meteor","train/images/uaemmn_pos_train_000526.jpg","train/labels/uaemmn_pos_train_000526.txt","AlowaisEtAl_Meteord_Detection_YOLO/YOLO_UAEMMN_METEORS/M20200121_220645_SCASS_C9P.jpg","42"
"train","meteor","train/images/uaemmn_pos_train_000527.jpg","train/labels/uaemmn_pos_train_000527.txt","AlowaisEtAl_Meteord_Detection_YOLO/YOLO_UAEMMN_METEORS/M20191202_041624_SCASS_C4P.jpg","42"
"train","meteor","train/images/uaemmn_pos_train_000528.jpg","train/labels/uaemmn_pos_train_000528.txt","AlowaisEtAl_Meteord_Detection_YOLO/YOLO_UAEMMN_METEORS/M20211129_060129_YAHER_C6P.jpg","42"
"train","meteor","train/images/uaemmn_pos_train_000529.jpg","train/labels/uaemmn_pos_train_000529.txt","AlowaisEtAl_Meteord_Detection_YOLO/YOLO_UAEMMN_METEORS/M20190912_205425_SCASS_C2P.jpg","42"
"train","meteor","train/images/uaemmn_pos_train_000530.jpg","train/labels/uaemmn_pos_train_000530.txt","AlowaisEtAl_Meteord_Detection_YOLO/YOLO_UAEMMN_METEORS/M20191202_034414_SCASS_C15P.jpg","42"
"train","meteor","train/images/uaemmn_pos_train_000531.jpg","train/labels/uaemmn_pos_train_000531.txt","AlowaisEtAl_Meteord_Detection_YOLO/YOLO_UAEMMN_METEORS/M20211203_053107_Home_C13P.jpg","42"
"train","meteor","train/images/uaemmn_pos_train_000532.jpg","train/labels/uaemmn_pos_train_000532.txt","AlowaisEtAl_Meteord_Detection_YOLO/YOLO_UAEMMN_METEORS/M20220309_054809_Liwa_C2P.jpg","42"
"train","meteor","train/images/uaemmn_pos_train_000533.jpg","train/labels/uaemmn_pos_train_000533.txt","AlowaisEtAl_Meteord_Detection_YOLO/YOLO_UAEMMN_METEORS/M20191018_040303_SCASS_C3P.jpg","42"
"train","meteor","train/images/uaemmn_pos_train_000534.jpg","train/labels/uaemmn_pos_train_000534.txt","AlowaisEtAl_Meteord_Detection_YOLO/YOLO_UAEMMN_METEORS/M20210420_030503_Liwa_C7P.jpg","42"
"train","meteor","train/images/uaemmn_pos_train_000535.jpg","train/labels/uaemmn_pos_train_000535.txt","AlowaisEtAl_Meteord_Detection_YOLO/YOLO_UAEMMN_METEORS/M20191014_191234_Home_C10P.jpg","42"
"train","meteor","train/images/uaemmn_pos_train_000536.jpg","train/labels/uaemmn_pos_train_000536.txt","AlowaisEtAl_Meteord_Detection_YOLO/YOLO_UAEMMN_METEORS/M20191011_210320_SCASS_C2P.jpg","42"
"train","meteor","train/images/uaemmn_pos_train_000537.jpg","train/labels/uaemmn_pos_train_000537.txt","AlowaisEtAl_Meteord_Detection_YOLO/YOLO_UAEMMN_METEORS/M20211213_044816_Home_C2P.jpg","42"
"train","meteor","train/images/uaemmn_pos_train_000538.jpg","train/labels/uaemmn_pos_train_000538.txt","AlowaisEtAl_Meteord_Detection_YOLO/YOLO_UAEMMN_METEORS/M20190910_050336_SCASS_C9P.jpg","42"
"train","meteor","train/images/uaemmn_pos_train_000539.jpg","train/labels/uaemmn_pos_train_000539.txt","AlowaisEtAl_Meteord_Detection_YOLO/YOLO_UAEMMN_METEORS/M20210420_034410_Liwa_C01P.jpg","42"
"train","meteor","train/images/uaemmn_pos_train_000540.jpg","train/labels/uaemmn_pos_train_000540.txt","AlowaisEtAl_Meteord_Detection_YOLO/YOLO_UAEMMN_METEORS/M20191018_050152_SCASS_C6S.jpg","42"
"train","meteor","train/images/uaemmn_pos_train_000541.jpg","train/labels/uaemmn_pos_train_000541.txt","AlowaisEtAl_Meteord_Detection_YOLO/YOLO_UAEMMN_METEORS/M20211213_023403_Home_C14P.jpg","42"
"train","meteor","train/images/uaemmn_pos_train_000542.jpg","train/labels/uaemmn_pos_train_000542.txt","AlowaisEtAl_Meteord_Detection_YOLO/YOLO_UAEMMN_METEORS/M20191013_200140_SCASS_C8P.jpg","42"
"train","meteor","train/images/uaemmn_pos_train_000543.jpg","train/labels/uaemmn_pos_train_000543.txt","AlowaisEtAl_Meteord_Detection_YOLO/YOLO_UAEMMN_METEORS/M20211214_041136_Home_C12P.jpg","42"
"train","meteor","train/images/uaemmn_pos_train_000544.jpg","train/labels/uaemmn_pos_train_000544.txt","AlowaisEtAl_Meteord_Detection_YOLO/YOLO_UAEMMN_METEORS/M20211207_021308_Liwa_C02P.jpg","42"
"train","meteor","train/images/uaemmn_pos_train_000545.jpg","train/labels/uaemmn_pos_train_000545.txt","AlowaisEtAl_Meteord_Detection_YOLO/YOLO_UAEMMN_METEORS/M20211214_033323_Home_C3P.jpg","42"
"train","meteor","train/images/uaemmn_pos_train_000546.jpg","train/labels/uaemmn_pos_train_000546.txt","AlowaisEtAl_Meteord_Detection_YOLO/YOLO_UAEMMN_METEORS/M20191007_053338_SCASS_C3P.jpg","42"
"train","meteor","train/images/uaemmn_pos_train_000547.jpg","train/labels/uaemmn_pos_train_000547.txt","AlowaisEtAl_Meteord_Detection_YOLO/YOLO_UAEMMN_METEORS/M20191114_041626_SCASS_C3P.jpg","42"
"train","meteor","train/images/uaemmn_pos_train_000548.jpg","train/labels/uaemmn_pos_train_000548.txt","AlowaisEtAl_Meteord_Detection_YOLO/YOLO_UAEMMN_METEORS/M20191129_052819_Home_C4P.jpg","42"
"train","meteor","train/images/uaemmn_pos_train_000549.jpg","train/labels/uaemmn_pos_train_000549.txt","AlowaisEtAl_Meteord_Detection_YOLO/YOLO_UAEMMN_METEORS/M20191126_035548_SCASS_C4P.jpg","42"
"train","meteor","train/images/uaemmn_pos_train_000550.jpg","train/labels/uaemmn_pos_train_000550.txt","AlowaisEtAl_Meteord_Detection_YOLO/YOLO_UAEMMN_METEORS/M20190601_025528_Home_C6P.jpg","42"
"train","meteor","train/images/uaemmn_pos_train_000551.jpg","train/labels/uaemmn_pos_train_000551.txt","AlowaisEtAl_Meteord_Detection_YOLO/YOLO_UAEMMN_METEORS/M20190508_043525_Home_C13P.jpg","42"
"train","meteor","train/images/uaemmn_pos_train_000552.jpg","train/labels/uaemmn_pos_train_000552.txt","AlowaisEtAl_Meteord_Detection_YOLO/YOLO_UAEMMN_METEORS/M20191119_054354_SCASS_C8P.jpg","42"
"train","meteor","train/images/uaemmn_pos_train_000553.jpg","train/labels/uaemmn_pos_train_000553.txt","AlowaisEtAl_Meteord_Detection_YOLO/YOLO_UAEMMN_METEORS/M20211215_012639_YAHER_C15P.jpg","42"
"train","meteor","train/images/uaemmn_pos_train_000554.jpg","train/labels/uaemmn_pos_train_000554.txt","AlowaisEtAl_Meteord_Detection_YOLO/YOLO_UAEMMN_METEORS/M20191113_010923_SCASS_C4P.jpg","42"
"train","meteor","train/images/uaemmn_pos_train_000555.jpg","train/labels/uaemmn_pos_train_000555.txt","AlowaisEtAl_Meteord_Detection_YOLO/YOLO_UAEMMN_METEORS/M20210402_025723_Liwa_C14P.jpg","42"
"train","meteor","train/images/uaemmn_pos_train_000556.jpg","train/labels/uaemmn_pos_train_000556.txt","AlowaisEtAl_Meteord_Detection_YOLO/YOLO_UAEMMN_METEORS/M20190926_024829_Home_C11P.jpg","42"
"train","meteor","train/images/uaemmn_pos_train_000557.jpg","train/labels/uaemmn_pos_train_000557.txt","AlowaisEtAl_Meteord_Detection_YOLO/YOLO_UAEMMN_METEORS/M20191026_033038_SCASS_C3P.jpg","42"
"train","meteor","train/images/uaemmn_pos_train_000558.jpg","train/labels/uaemmn_pos_train_000558.txt","AlowaisEtAl_Meteord_Detection_YOLO/YOLO_UAEMMN_METEORS/M20211127_024737_Liwa_C8P.jpg","42"
"train","meteor","train/images/uaemmn_pos_train_000559.jpg","train/labels/uaemmn_pos_train_000559.txt","AlowaisEtAl_Meteord_Detection_YOLO/YOLO_UAEMMN_METEORS/M20211220_035624_YAHER_C15P.jpg","42"
"train","meteor","train/images/uaemmn_pos_train_000560.jpg","train/labels/uaemmn_pos_train_000560.txt","AlowaisEtAl_Meteord_Detection_YOLO/YOLO_UAEMMN_METEORS/M20200113_045231_SCASS_C2P.jpg","42"
"train","meteor","train/images/uaemmn_pos_train_000561.jpg","train/labels/uaemmn_pos_train_000561.txt","AlowaisEtAl_Meteord_Detection_YOLO/YOLO_UAEMMN_METEORS/M20191205_020556_SCASS_C6S.jpg","42"
"train","meteor","train/images/uaemmn_pos_train_000562.jpg","train/labels/uaemmn_pos_train_000562.txt","AlowaisEtAl_Meteord_Detection_YOLO/YOLO_UAEMMN_METEORS/M20190916_033209_SCASS_C1P.jpg","42"
"train","meteor","train/images/uaemmn_pos_train_000563.jpg","train/labels/uaemmn_pos_train_000563.txt","AlowaisEtAl_Meteord_Detection_YOLO/YOLO_UAEMMN_METEORS/M20191124_024457_SCASS_C4P.jpg","42"
"train","meteor","train/images/uaemmn_pos_train_000564.jpg","train/labels/uaemmn_pos_train_000564.txt","AlowaisEtAl_Meteord_Detection_YOLO/YOLO_UAEMMN_METEORS/M20210406_232014_Liwa_C0P.jpg","42"
"train","meteor","train/images/uaemmn_pos_train_000565.jpg","train/labels/uaemmn_pos_train_000565.txt","AlowaisEtAl_Meteord_Detection_YOLO/YOLO_UAEMMN_METEORS/M20200129_030514_Liwa_C4P.jpg","42"
"train","meteor","train/images/uaemmn_pos_train_000566.jpg","train/labels/uaemmn_pos_train_000566.txt","AlowaisEtAl_Meteord_Detection_YOLO/YOLO_UAEMMN_METEORS/M20191125_222705_SCASS_C4P.jpg","42"
"train","meteor","train/images/uaemmn_pos_train_000567.jpg","train/labels/uaemmn_pos_train_000567.txt","AlowaisEtAl_Meteord_Detection_YOLO/YOLO_UAEMMN_METEORS/M20211127_050735_YAHER_C8P.jpg","42"
"train","meteor","train/images/uaemmn_pos_train_000568.jpg","train/labels/uaemmn_pos_train_000568.txt","AlowaisEtAl_Meteord_Detection_YOLO/YOLO_UAEMMN_METEORS/M20211223_234301_YAHER_C11P.jpg","42"
"train","meteor","train/images/uaemmn_pos_train_000569.jpg","train/labels/uaemmn_pos_train_000569.txt","AlowaisEtAl_Meteord_Detection_YOLO/YOLO_UAEMMN_METEORS/M20201113_014416_YAHER_C9P.jpg","42"
"train","meteor","train/images/uaemmn_pos_train_000570.jpg","train/labels/uaemmn_pos_train_000570.txt","AlowaisEtAl_Meteord_Detection_YOLO/YOLO_UAEMMN_METEORS/M20211215_032548_Home_C11P.jpg","42"
"train","meteor","train/images/uaemmn_pos_train_000571.jpg","train/labels/uaemmn_pos_train_000571.txt","AlowaisEtAl_Meteord_Detection_YOLO/YOLO_UAEMMN_METEORS/M20191214_215833_Home_C16P.jpg","42"
"train","meteor","train/images/uaemmn_pos_train_000572.jpg","train/labels/uaemmn_pos_train_000572.txt","AlowaisEtAl_Meteord_Detection_YOLO/YOLO_UAEMMN_METEORS/M20211125_230755_Liwa_C01P.jpg","42"
"train","meteor","train/images/uaemmn_pos_train_000573.jpg","train/labels/uaemmn_pos_train_000573.txt","AlowaisEtAl_Meteord_Detection_YOLO/YOLO_UAEMMN_METEORS/M20211201_210658_Liwa_C01P.jpg","42"
"train","meteor","train/images/uaemmn_pos_train_000574.jpg","train/labels/uaemmn_pos_train_000574.txt","AlowaisEtAl_Meteord_Detection_YOLO/YOLO_UAEMMN_METEORS/M20221023_033610_Home_C4P.jpg","42"
"train","meteor","train/images/uaemmn_pos_train_000575.jpg","train/labels/uaemmn_pos_train_000575.txt","AlowaisEtAl_Meteord_Detection_YOLO/YOLO_UAEMMN_METEORS/M20191026_021450_Home_C10P.jpg","42"
"train","meteor","train/images/uaemmn_pos_train_000576.jpg","train/labels/uaemmn_pos_train_000576.txt","AlowaisEtAl_Meteord_Detection_YOLO/YOLO_UAEMMN_METEORS/M20211214_043301_Liwa_C02P.jpg","42"
"train","meteor","train/images/uaemmn_pos_train_000577.jpg","train/labels/uaemmn_pos_train_000577.txt","AlowaisEtAl_Meteord_Detection_YOLO/YOLO_UAEMMN_METEORS/M20191012_020648_SCASS_C9P.jpg","42"
"train","meteor","train/images/uaemmn_pos_train_000578.jpg","train/labels/uaemmn_pos_train_000578.txt","AlowaisEtAl_Meteord_Detection_YOLO/YOLO_UAEMMN_METEORS/M20211125_230513_YAHER_C12P.jpg","42"
"train","meteor","train/images/uaemmn_pos_train_000579.jpg","train/labels/uaemmn_pos_train_000579.txt","AlowaisEtAl_Meteord_Detection_YOLO/YOLO_UAEMMN_METEORS/M20190930_032232_Home_C16P.jpg","42"
"train","meteor","train/images/uaemmn_pos_train_000580.jpg","train/labels/uaemmn_pos_train_000580.txt","AlowaisEtAl_Meteord_Detection_YOLO/YOLO_UAEMMN_METEORS/M20200118_032628_SCASS_C1P.jpg","42"
"train","meteor","train/images/uaemmn_pos_train_000581.jpg","train/labels/uaemmn_pos_train_000581.txt","AlowaisEtAl_Meteord_Detection_YOLO/YOLO_UAEMMN_METEORS/M20211224_184354_YAHER_C12P.jpg","42"
"train","meteor","train/images/uaemmn_pos_train_000582.jpg","train/labels/uaemmn_pos_train_000582.txt","AlowaisEtAl_Meteord_Detection_YOLO/YOLO_UAEMMN_METEORS/M20220917_004310_YAHER_C16P.jpg","42"
"train","meteor","train/images/uaemmn_pos_train_000583.jpg","train/labels/uaemmn_pos_train_000583.txt","AlowaisEtAl_Meteord_Detection_YOLO/YOLO_UAEMMN_METEORS/M20200122_052900_SCASS_C12P.jpg","42"
"train","meteor","train/images/uaemmn_pos_train_000584.jpg","train/labels/uaemmn_pos_train_000584.txt","AlowaisEtAl_Meteord_Detection_YOLO/YOLO_UAEMMN_METEORS/M20191203_031156_Home_C10P.jpg","42"
"train","meteor","train/images/uaemmn_pos_train_000585.jpg","train/labels/uaemmn_pos_train_000585.txt","AlowaisEtAl_Meteord_Detection_YOLO/YOLO_UAEMMN_METEORS/M20190904_050631_SCASS_C3P.jpg","42"
"train","meteor","train/images/uaemmn_pos_train_000586.jpg","train/labels/uaemmn_pos_train_000586.txt","AlowaisEtAl_Meteord_Detection_YOLO/YOLO_UAEMMN_METEORS/M20220423_035620_Liwa_C13P.jpg","42"
"train","meteor","train/images/uaemmn_pos_train_000587.jpg","train/labels/uaemmn_pos_train_000587.txt","AlowaisEtAl_Meteord_Detection_YOLO/YOLO_UAEMMN_METEORS/M20220109_032309_Home_C15P.jpg","42"
"train","meteor","train/images/uaemmn_pos_train_000588.jpg","train/labels/uaemmn_pos_train_000588.txt","AlowaisEtAl_Meteord_Detection_YOLO/YOLO_UAEMMN_METEORS/M20191206_030307_SCASS_C2P.jpg","42"
"train","meteor","train/images/uaemmn_pos_train_000589.jpg","train/labels/uaemmn_pos_train_000589.txt","AlowaisEtAl_Meteord_Detection_YOLO/YOLO_UAEMMN_METEORS/M20190923_003307_SCASS_C4P.jpg","42"
"train","meteor","train/images/uaemmn_pos_train_000590.jpg","train/labels/uaemmn_pos_train_000590.txt","AlowaisEtAl_Meteord_Detection_YOLO/YOLO_UAEMMN_METEORS/M20200406_013203_Home_C11P.jpg","42"
"train","meteor","train/images/uaemmn_pos_train_000591.jpg","train/labels/uaemmn_pos_train_000591.txt","AlowaisEtAl_Meteord_Detection_YOLO/YOLO_UAEMMN_METEORS/M20190907_225935_SCASS_C2P.jpg","42"
"validation","meteor","validation/images/uaemmn_pos_validation_000000.jpg","validation/labels/uaemmn_pos_validation_000000.txt","AlowaisEtAl_Meteord_Detection_YOLO/YOLO_UAEMMN_METEORS/M20191211_234028_Home_C4P.jpg","42"
"validation","meteor","validation/images/uaemmn_pos_validation_000001.jpg","validation/labels/uaemmn_pos_validation_000001.txt","AlowaisEtAl_Meteord_Detection_YOLO/YOLO_UAEMMN_METEORS/M20191107_050643_SCASS_C2P.jpg","42"
"validation","meteor","validation/images/uaemmn_pos_validation_000002.jpg","validation/labels/uaemmn_pos_validation_000002.txt","AlowaisEtAl_Meteord_Detection_YOLO/YOLO_UAEMMN_METEORS/M20200116_051036_SCASS_C12P.jpg","42"
"validation","meteor","validation/images/uaemmn_pos_validation_000003.jpg","validation/labels/uaemmn_pos_validation_000003.txt","AlowaisEtAl_Meteord_Detection_YOLO/YOLO_UAEMMN_METEORS/M20190925_214448_SCASS_C14P.jpg","42"
"validation","meteor","validation/images/uaemmn_pos_validation_000004.jpg","validation/labels/uaemmn_pos_validation_000004.txt","AlowaisEtAl_Meteord_Detection_YOLO/YOLO_UAEMMN_METEORS/M20190925_195119_Home_C7P.jpg","42"
"validation","meteor","validation/images/uaemmn_pos_validation_000005.jpg","validation/labels/uaemmn_pos_validation_000005.txt","AlowaisEtAl_Meteord_Detection_YOLO/YOLO_UAEMMN_METEORS/M20200122_020236_SCASS_C2P.jpg","42"
"validation","meteor","validation/images/uaemmn_pos_validation_000006.jpg","validation/labels/uaemmn_pos_validation_000006.txt","AlowaisEtAl_Meteord_Detection_YOLO/YOLO_UAEMMN_METEORS/M20191122_230930_SCASS_C12P.jpg","42"
"validation","meteor","validation/images/uaemmn_pos_validation_000007.jpg","validation/labels/uaemmn_pos_validation_000007.txt","AlowaisEtAl_Meteord_Detection_YOLO/YOLO_UAEMMN_METEORS/M20191206_235547_SCASS_C2P.jpg","42"
"validation","meteor","validation/images/uaemmn_pos_validation_000008.jpg","validation/labels/uaemmn_pos_validation_000008.txt","AlowaisEtAl_Meteord_Detection_YOLO/YOLO_UAEMMN_METEORS/M20190928_220215_SCASS_C7P.jpg","42"
"validation","meteor","validation/images/uaemmn_pos_validation_000009.jpg","validation/labels/uaemmn_pos_validation_000009.txt","AlowaisEtAl_Meteord_Detection_YOLO/YOLO_UAEMMN_METEORS/M20191014_044956_SCASS_C4P.jpg","42"
"validation","meteor","validation/images/uaemmn_pos_validation_000010.jpg","validation/labels/uaemmn_pos_validation_000010.txt","AlowaisEtAl_Meteord_Detection_YOLO/YOLO_UAEMMN_METEORS/M20191126_005530_SCASS_C2P.jpg","42"
"validation","meteor","validation/images/uaemmn_pos_validation_000011.jpg","validation/labels/uaemmn_pos_validation_000011.txt","AlowaisEtAl_Meteord_Detection_YOLO/YOLO_UAEMMN_METEORS/M20191108_023346_Home_C4P.jpg","42"
"validation","meteor","validation/images/uaemmn_pos_validation_000012.jpg","validation/labels/uaemmn_pos_validation_000012.txt","AlowaisEtAl_Meteord_Detection_YOLO/YOLO_UAEMMN_METEORS/M20191030_050558_SCASS_C14P.jpg","42"
"validation","meteor","validation/images/uaemmn_pos_validation_000013.jpg","validation/labels/uaemmn_pos_validation_000013.txt","AlowaisEtAl_Meteord_Detection_YOLO/YOLO_UAEMMN_METEORS/M20190913_230307_Home_C1P.jpg","42"
"validation","meteor","validation/images/uaemmn_pos_validation_000014.jpg","validation/labels/uaemmn_pos_validation_000014.txt","AlowaisEtAl_Meteord_Detection_YOLO/YOLO_UAEMMN_METEORS/M20221025_031256_Home_C14P.jpg","42"
"validation","meteor","validation/images/uaemmn_pos_validation_000015.jpg","validation/labels/uaemmn_pos_validation_000015.txt","AlowaisEtAl_Meteord_Detection_YOLO/YOLO_UAEMMN_METEORS/M20200113_052513_SCASS_C3P.jpg","42"
"validation","meteor","validation/images/uaemmn_pos_validation_000016.jpg","validation/labels/uaemmn_pos_validation_000016.txt","AlowaisEtAl_Meteord_Detection_YOLO/YOLO_UAEMMN_METEORS/M20211215_001459_Home_C15P.jpg","42"
"validation","meteor","validation/images/uaemmn_pos_validation_000017.jpg","validation/labels/uaemmn_pos_validation_000017.txt","AlowaisEtAl_Meteord_Detection_YOLO/YOLO_UAEMMN_METEORS/M20211219_023343_Liwa_C4P.jpg","42"
"validation","meteor","validation/images/uaemmn_pos_validation_000018.jpg","validation/labels/uaemmn_pos_validation_000018.txt","AlowaisEtAl_Meteord_Detection_YOLO/YOLO_UAEMMN_METEORS/M20191123_045753_SCASS_C10P.jpg","42"
"validation","meteor","validation/images/uaemmn_pos_validation_000019.jpg","validation/labels/uaemmn_pos_validation_000019.txt","AlowaisEtAl_Meteord_Detection_YOLO/YOLO_UAEMMN_METEORS/M20211214_060516_Home_C4P.jpg","42"
"validation","meteor","validation/images/uaemmn_pos_validation_000020.jpg","validation/labels/uaemmn_pos_validation_000020.txt","AlowaisEtAl_Meteord_Detection_YOLO/YOLO_UAEMMN_METEORS/M20191107_034138_Home_C11P.jpg","42"
"validation","meteor","validation/images/uaemmn_pos_validation_000021.jpg","validation/labels/uaemmn_pos_validation_000021.txt","AlowaisEtAl_Meteord_Detection_YOLO/YOLO_UAEMMN_METEORS/M20190925_224750_SCASS_C13P.jpg","42"
"validation","meteor","validation/images/uaemmn_pos_validation_000022.jpg","validation/labels/uaemmn_pos_validation_000022.txt","AlowaisEtAl_Meteord_Detection_YOLO/YOLO_UAEMMN_METEORS/M20211125_181231_YAHER_C7P.jpg","42"
"validation","meteor","validation/images/uaemmn_pos_validation_000023.jpg","validation/labels/uaemmn_pos_validation_000023.txt","AlowaisEtAl_Meteord_Detection_YOLO/YOLO_UAEMMN_METEORS/M20191215_060746_Home_C13P.jpg","42"
"validation","meteor","validation/images/uaemmn_pos_validation_000024.jpg","validation/labels/uaemmn_pos_validation_000024.txt","AlowaisEtAl_Meteord_Detection_YOLO/YOLO_UAEMMN_METEORS/M20190505_221657_YAHER_C16P.jpg","42"
"validation","meteor","validation/images/uaemmn_pos_validation_000025.jpg","validation/labels/uaemmn_pos_validation_000025.txt","AlowaisEtAl_Meteord_Detection_YOLO/YOLO_UAEMMN_METEORS/M20191123_002718_SCASS_C1P.jpg","42"
"validation","meteor","validation/images/uaemmn_pos_validation_000026.jpg","validation/labels/uaemmn_pos_validation_000026.txt","AlowaisEtAl_Meteord_Detection_YOLO/YOLO_UAEMMN_METEORS/M20211218_041700_Liwa_C3P.jpg","42"
"validation","meteor","validation/images/uaemmn_pos_validation_000027.jpg","validation/labels/uaemmn_pos_validation_000027.txt","AlowaisEtAl_Meteord_Detection_YOLO/YOLO_UAEMMN_METEORS/M20211214_233938_Liwa_C14P.jpg","42"
"validation","meteor","validation/images/uaemmn_pos_validation_000028.jpg","validation/labels/uaemmn_pos_validation_000028.txt","AlowaisEtAl_Meteord_Detection_YOLO/YOLO_UAEMMN_METEORS/M20191113_020347_SCASS_C9P.jpg","42"
"validation","meteor","validation/images/uaemmn_pos_validation_000029.jpg","validation/labels/uaemmn_pos_validation_000029.txt","AlowaisEtAl_Meteord_Detection_YOLO/YOLO_UAEMMN_METEORS/M20191128_032720_SCASS_C3P.jpg","42"
"validation","meteor","validation/images/uaemmn_pos_validation_000030.jpg","validation/labels/uaemmn_pos_validation_000030.txt","AlowaisEtAl_Meteord_Detection_YOLO/YOLO_UAEMMN_METEORS/M20200121_044134_SCASS_C16P.jpg","42"
"validation","meteor","validation/images/uaemmn_pos_validation_000031.jpg","validation/labels/uaemmn_pos_validation_000031.txt","AlowaisEtAl_Meteord_Detection_YOLO/YOLO_UAEMMN_METEORS/M20191010_035000_SCASS_C1P.jpg","42"
"validation","meteor","validation/images/uaemmn_pos_validation_000032.jpg","validation/labels/uaemmn_pos_validation_000032.txt","AlowaisEtAl_Meteord_Detection_YOLO/YOLO_UAEMMN_METEORS/M20211214_004546_Home_C8P.jpg","42"
"validation","meteor","validation/images/uaemmn_pos_validation_000033.jpg","validation/labels/uaemmn_pos_validation_000033.txt","AlowaisEtAl_Meteord_Detection_YOLO/YOLO_UAEMMN_METEORS/M20211215_012952_YAHER_C14P.jpg","42"
"validation","meteor","validation/images/uaemmn_pos_validation_000034.jpg","validation/labels/uaemmn_pos_validation_000034.txt","AlowaisEtAl_Meteord_Detection_YOLO/YOLO_UAEMMN_METEORS/M20191127_045013_Home_C15P.jpg","42"
"validation","meteor","validation/images/uaemmn_pos_validation_000035.jpg","validation/labels/uaemmn_pos_validation_000035.txt","AlowaisEtAl_Meteord_Detection_YOLO/YOLO_UAEMMN_METEORS/M20191229_233914_Home_C11P.jpg","42"
"validation","meteor","validation/images/uaemmn_pos_validation_000036.jpg","validation/labels/uaemmn_pos_validation_000036.txt","AlowaisEtAl_Meteord_Detection_YOLO/YOLO_UAEMMN_METEORS/M20191207_040643_Home_C13P.jpg","42"
"validation","meteor","validation/images/uaemmn_pos_validation_000037.jpg","validation/labels/uaemmn_pos_validation_000037.txt","AlowaisEtAl_Meteord_Detection_YOLO/YOLO_UAEMMN_METEORS/M20191118_214344_SCASS_C4P.jpg","42"
"validation","meteor","validation/images/uaemmn_pos_validation_000038.jpg","validation/labels/uaemmn_pos_validation_000038.txt","AlowaisEtAl_Meteord_Detection_YOLO/YOLO_UAEMMN_METEORS/M20191123_041411_SCASS_C11P.jpg","42"
"validation","meteor","validation/images/uaemmn_pos_validation_000039.jpg","validation/labels/uaemmn_pos_validation_000039.txt","AlowaisEtAl_Meteord_Detection_YOLO/YOLO_UAEMMN_METEORS/M20211214_234323_YAHER_C15P.jpg","42"
"validation","meteor","validation/images/uaemmn_pos_validation_000040.jpg","validation/labels/uaemmn_pos_validation_000040.txt","AlowaisEtAl_Meteord_Detection_YOLO/YOLO_UAEMMN_METEORS/M20211220_055536_Home_C8P.jpg","42"
"validation","meteor","validation/images/uaemmn_pos_validation_000041.jpg","validation/labels/uaemmn_pos_validation_000041.txt","AlowaisEtAl_Meteord_Detection_YOLO/YOLO_UAEMMN_METEORS/M20211220_003543_YAHER_C16P.jpg","42"
"validation","meteor","validation/images/uaemmn_pos_validation_000042.jpg","validation/labels/uaemmn_pos_validation_000042.txt","AlowaisEtAl_Meteord_Detection_YOLO/YOLO_UAEMMN_METEORS/M20191015_052504_SCASS_C13P.jpg","42"
"validation","meteor","validation/images/uaemmn_pos_validation_000043.jpg","validation/labels/uaemmn_pos_validation_000043.txt","AlowaisEtAl_Meteord_Detection_YOLO/YOLO_UAEMMN_METEORS/M20190925_185017_Home_C5P.jpg","42"
"validation","meteor","validation/images/uaemmn_pos_validation_000044.jpg","validation/labels/uaemmn_pos_validation_000044.txt","AlowaisEtAl_Meteord_Detection_YOLO/YOLO_UAEMMN_METEORS/M20211127_223329_Liwa_C15P.jpg","42"
"validation","meteor","validation/images/uaemmn_pos_validation_000045.jpg","validation/labels/uaemmn_pos_validation_000045.txt","AlowaisEtAl_Meteord_Detection_YOLO/YOLO_UAEMMN_METEORS/M20191011_051936_SCASS_C1P.jpg","42"
"validation","meteor","validation/images/uaemmn_pos_validation_000046.jpg","validation/labels/uaemmn_pos_validation_000046.txt","AlowaisEtAl_Meteord_Detection_YOLO/YOLO_UAEMMN_METEORS/M20191206_042651_SCASS_C5P.jpg","42"
"validation","meteor","validation/images/uaemmn_pos_validation_000047.jpg","validation/labels/uaemmn_pos_validation_000047.txt","AlowaisEtAl_Meteord_Detection_YOLO/YOLO_UAEMMN_METEORS/M20211213_031351_Liwa_C15P.jpg","42"
"validation","meteor","validation/images/uaemmn_pos_validation_000048.jpg","validation/labels/uaemmn_pos_validation_000048.txt","AlowaisEtAl_Meteord_Detection_YOLO/YOLO_UAEMMN_METEORS/M20191118_045437_Home_C4P.jpg","42"
"validation","meteor","validation/images/uaemmn_pos_validation_000049.jpg","validation/labels/uaemmn_pos_validation_000049.txt","AlowaisEtAl_Meteord_Detection_YOLO/YOLO_UAEMMN_METEORS/M20211210_032942_Home_C3P.jpg","42"
"validation","meteor","validation/images/uaemmn_pos_validation_000050.jpg","validation/labels/uaemmn_pos_validation_000050.txt","AlowaisEtAl_Meteord_Detection_YOLO/YOLO_UAEMMN_METEORS/M20211213_233444_Liwa_C02P.jpg","42"
"validation","meteor","validation/images/uaemmn_pos_validation_000051.jpg","validation/labels/uaemmn_pos_validation_000051.txt","AlowaisEtAl_Meteord_Detection_YOLO/YOLO_UAEMMN_METEORS/M20191114_215100_Home_C4P.jpg","42"
"validation","meteor","validation/images/uaemmn_pos_validation_000052.jpg","validation/labels/uaemmn_pos_validation_000052.txt","AlowaisEtAl_Meteord_Detection_YOLO/YOLO_UAEMMN_METEORS/M20200121_054246_SCASS_C4P.jpg","42"
"validation","meteor","validation/images/uaemmn_pos_validation_000053.jpg","validation/labels/uaemmn_pos_validation_000053.txt","AlowaisEtAl_Meteord_Detection_YOLO/YOLO_UAEMMN_METEORS/M20211214_015957_Liwa_C15P.jpg","42"
"validation","meteor","validation/images/uaemmn_pos_validation_000054.jpg","validation/labels/uaemmn_pos_validation_000054.txt","AlowaisEtAl_Meteord_Detection_YOLO/YOLO_UAEMMN_METEORS/M20190923_053300_SCASS_C13P.jpg","42"
"validation","meteor","validation/images/uaemmn_pos_validation_000055.jpg","validation/labels/uaemmn_pos_validation_000055.txt","AlowaisEtAl_Meteord_Detection_YOLO/YOLO_UAEMMN_METEORS/M20211214_012526_Liwa_C02P.jpg","42"
"validation","meteor","validation/images/uaemmn_pos_validation_000056.jpg","validation/labels/uaemmn_pos_validation_000056.txt","AlowaisEtAl_Meteord_Detection_YOLO/YOLO_UAEMMN_METEORS/M20210415_221335_Liwa_C2P.jpg","42"
"validation","meteor","validation/images/uaemmn_pos_validation_000057.jpg","validation/labels/uaemmn_pos_validation_000057.txt","AlowaisEtAl_Meteord_Detection_YOLO/YOLO_UAEMMN_METEORS/M20211214_032711_Home_C13P.jpg","42"
"validation","meteor","validation/images/uaemmn_pos_validation_000058.jpg","validation/labels/uaemmn_pos_validation_000058.txt","AlowaisEtAl_Meteord_Detection_YOLO/YOLO_UAEMMN_METEORS/M20211214_222212_Home_C14P.jpg","42"
"validation","meteor","validation/images/uaemmn_pos_validation_000059.jpg","validation/labels/uaemmn_pos_validation_000059.txt","AlowaisEtAl_Meteord_Detection_YOLO/YOLO_UAEMMN_METEORS/M20210421_030114_Liwa_C8P.jpg","42"
"validation","meteor","validation/images/uaemmn_pos_validation_000060.jpg","validation/labels/uaemmn_pos_validation_000060.txt","AlowaisEtAl_Meteord_Detection_YOLO/YOLO_UAEMMN_METEORS/M20211231_211821_YAHER_C15P.jpg","42"
"validation","meteor","validation/images/uaemmn_pos_validation_000061.jpg","validation/labels/uaemmn_pos_validation_000061.txt","AlowaisEtAl_Meteord_Detection_YOLO/YOLO_UAEMMN_METEORS/M20191209_031044_SCASS_C7P.jpg","42"
"validation","meteor","validation/images/uaemmn_pos_validation_000062.jpg","validation/labels/uaemmn_pos_validation_000062.txt","AlowaisEtAl_Meteord_Detection_YOLO/YOLO_UAEMMN_METEORS/M20220108_051219_YAHER_C16P.jpg","42"
"validation","meteor","validation/images/uaemmn_pos_validation_000063.jpg","validation/labels/uaemmn_pos_validation_000063.txt","AlowaisEtAl_Meteord_Detection_YOLO/YOLO_UAEMMN_METEORS/M20190920_051743_SCASS_C13P.jpg","42"
"validation","meteor","validation/images/uaemmn_pos_validation_000064.jpg","validation/labels/uaemmn_pos_validation_000064.txt","AlowaisEtAl_Meteord_Detection_YOLO/YOLO_UAEMMN_METEORS/M20191114_024939_SCASS_C9P.jpg","42"
"validation","meteor","validation/images/uaemmn_pos_validation_000065.jpg","validation/labels/uaemmn_pos_validation_000065.txt","AlowaisEtAl_Meteord_Detection_YOLO/YOLO_UAEMMN_METEORS/M20191215_052313_Home_C11P.jpg","42"
"validation","meteor","validation/images/uaemmn_pos_validation_000066.jpg","validation/labels/uaemmn_pos_validation_000066.txt","AlowaisEtAl_Meteord_Detection_YOLO/YOLO_UAEMMN_METEORS/M20210423_023718_Liwa_C06P.jpg","42"
"validation","meteor","validation/images/uaemmn_pos_validation_000067.jpg","validation/labels/uaemmn_pos_validation_000067.txt","AlowaisEtAl_Meteord_Detection_YOLO/YOLO_UAEMMN_METEORS/M20211214_224414_Home_C14P.jpg","42"
"validation","meteor","validation/images/uaemmn_pos_validation_000068.jpg","validation/labels/uaemmn_pos_validation_000068.txt","AlowaisEtAl_Meteord_Detection_YOLO/YOLO_UAEMMN_METEORS/M20220108_204257_Home_C1P.jpg","42"
"validation","meteor","validation/images/uaemmn_pos_validation_000069.jpg","validation/labels/uaemmn_pos_validation_000069.txt","AlowaisEtAl_Meteord_Detection_YOLO/YOLO_UAEMMN_METEORS/M20191014_013053_SCASS_C1P.jpg","42"
"validation","meteor","validation/images/uaemmn_pos_validation_000070.jpg","validation/labels/uaemmn_pos_validation_000070.txt","AlowaisEtAl_Meteord_Detection_YOLO/YOLO_UAEMMN_METEORS/M20200104_032853_YAHER_C4P.jpg","42"
"validation","meteor","validation/images/uaemmn_pos_validation_000071.jpg","validation/labels/uaemmn_pos_validation_000071.txt","AlowaisEtAl_Meteord_Detection_YOLO/YOLO_UAEMMN_METEORS/M20220121_044249_YAHER_C5P.jpg","42"
"validation","meteor","validation/images/uaemmn_pos_validation_000072.jpg","validation/labels/uaemmn_pos_validation_000072.txt","AlowaisEtAl_Meteord_Detection_YOLO/YOLO_UAEMMN_METEORS/M20191209_030352_SCASS_C13P.jpg","42"
"validation","meteor","validation/images/uaemmn_pos_validation_000073.jpg","validation/labels/uaemmn_pos_validation_000073.txt","AlowaisEtAl_Meteord_Detection_YOLO/YOLO_UAEMMN_METEORS/M20190924_025107_SCASS_C8P.jpg","42"
"test","meteor","test/images/uaemmn_pos_test_000000.jpg","test/labels/uaemmn_pos_test_000000.txt","AlowaisEtAl_Meteord_Detection_YOLO/YOLO_UAEMMN_METEORS/M20200119_015043_SCASS_C1P.jpg","42"
"test","meteor","test/images/uaemmn_pos_test_000001.jpg","test/labels/uaemmn_pos_test_000001.txt","AlowaisEtAl_Meteord_Detection_YOLO/YOLO_UAEMMN_METEORS/M20200131_015143_Liwa_C12P.jpg","42"
"test","meteor","test/images/uaemmn_pos_test_000002.jpg","test/labels/uaemmn_pos_test_000002.txt","AlowaisEtAl_Meteord_Detection_YOLO/YOLO_UAEMMN_METEORS/M20211213_225734_Home_C14P.jpg","42"
"test","meteor","test/images/uaemmn_pos_test_000003.jpg","test/labels/uaemmn_pos_test_000003.txt","AlowaisEtAl_Meteord_Detection_YOLO/YOLO_UAEMMN_METEORS/M20220309_034937_Liwa_C13P.jpg","42"
"test","meteor","test/images/uaemmn_pos_test_000004.jpg","test/labels/uaemmn_pos_test_000004.txt","AlowaisEtAl_Meteord_Detection_YOLO/YOLO_UAEMMN_METEORS/M20191223_044833_Home_C3P.jpg","42"
"test","meteor","test/images/uaemmn_pos_test_000005.jpg","test/labels/uaemmn_pos_test_000005.txt","AlowaisEtAl_Meteord_Detection_YOLO/YOLO_UAEMMN_METEORS/M20211201_221902_YAHER_C16P.jpg","42"
"test","meteor","test/images/uaemmn_pos_test_000006.jpg","test/labels/uaemmn_pos_test_000006.txt","AlowaisEtAl_Meteord_Detection_YOLO/YOLO_UAEMMN_METEORS/M20190912_022113_SCASS_C14P.jpg","42"
"test","meteor","test/images/uaemmn_pos_test_000007.jpg","test/labels/uaemmn_pos_test_000007.txt","AlowaisEtAl_Meteord_Detection_YOLO/YOLO_UAEMMN_METEORS/M20191203_035320_SCASS_C4P.jpg","42"
"test","meteor","test/images/uaemmn_pos_test_000008.jpg","test/labels/uaemmn_pos_test_000008.txt","AlowaisEtAl_Meteord_Detection_YOLO/YOLO_UAEMMN_METEORS/M20191209_203811_Home_C3P.jpg","42"
"test","meteor","test/images/uaemmn_pos_test_000009.jpg","test/labels/uaemmn_pos_test_000009.txt","AlowaisEtAl_Meteord_Detection_YOLO/YOLO_UAEMMN_METEORS/M20211206_215113_Liwa_C10P.jpg","42"
"test","meteor","test/images/uaemmn_pos_test_000010.jpg","test/labels/uaemmn_pos_test_000010.txt","AlowaisEtAl_Meteord_Detection_YOLO/YOLO_UAEMMN_METEORS/M20191114_025233_Home_C4P.jpg","42"
"test","meteor","test/images/uaemmn_pos_test_000011.jpg","test/labels/uaemmn_pos_test_000011.txt","AlowaisEtAl_Meteord_Detection_YOLO/YOLO_UAEMMN_METEORS/M20191028_003920_SCASS_C3P.jpg","42"
"test","meteor","test/images/uaemmn_pos_test_000012.jpg","test/labels/uaemmn_pos_test_000012.txt","AlowaisEtAl_Meteord_Detection_YOLO/YOLO_UAEMMN_METEORS/M20211129_005907_Home_C13P.jpg","42"
"test","meteor","test/images/uaemmn_pos_test_000013.jpg","test/labels/uaemmn_pos_test_000013.txt","AlowaisEtAl_Meteord_Detection_YOLO/YOLO_UAEMMN_METEORS/M20220329_045615_Liwa_C15P.jpg","42"
"test","meteor","test/images/uaemmn_pos_test_000014.jpg","test/labels/uaemmn_pos_test_000014.txt","AlowaisEtAl_Meteord_Detection_YOLO/YOLO_UAEMMN_METEORS/M20190517_025311_Home_C16P.jpg","42"
"test","meteor","test/images/uaemmn_pos_test_000015.jpg","test/labels/uaemmn_pos_test_000015.txt","AlowaisEtAl_Meteord_Detection_YOLO/YOLO_UAEMMN_METEORS/M20200119_032931_SCASS_C8P.jpg","42"
"test","meteor","test/images/uaemmn_pos_test_000016.jpg","test/labels/uaemmn_pos_test_000016.txt","AlowaisEtAl_Meteord_Detection_YOLO/YOLO_UAEMMN_METEORS/M20211222_023504_Home_C16P.jpg","42"
"test","meteor","test/images/uaemmn_pos_test_000017.jpg","test/labels/uaemmn_pos_test_000017.txt","AlowaisEtAl_Meteord_Detection_YOLO/YOLO_UAEMMN_METEORS/M20211210_051403_Home_C12P.jpg","42"
"test","meteor","test/images/uaemmn_pos_test_000018.jpg","test/labels/uaemmn_pos_test_000018.txt","AlowaisEtAl_Meteord_Detection_YOLO/YOLO_UAEMMN_METEORS/M20211214_212103_Home_C15P.jpg","42"
"test","meteor","test/images/uaemmn_pos_test_000019.jpg","test/labels/uaemmn_pos_test_000019.txt","AlowaisEtAl_Meteord_Detection_YOLO/YOLO_UAEMMN_METEORS/M20191114_225956_Home_C13P.jpg","42"
"test","meteor","test/images/uaemmn_pos_test_000020.jpg","test/labels/uaemmn_pos_test_000020.txt","AlowaisEtAl_Meteord_Detection_YOLO/YOLO_UAEMMN_METEORS/M20211220_002119_Liwa_C2P.jpg","42"
"test","meteor","test/images/uaemmn_pos_test_000021.jpg","test/labels/uaemmn_pos_test_000021.txt","AlowaisEtAl_Meteord_Detection_YOLO/YOLO_UAEMMN_METEORS/M20210424_222917_Liwa_C15P.jpg","42"
"test","meteor","test/images/uaemmn_pos_test_000022.jpg","test/labels/uaemmn_pos_test_000022.txt","AlowaisEtAl_Meteord_Detection_YOLO/YOLO_UAEMMN_METEORS/M20191123_033313_SCASS_C2P.jpg","42"
"test","meteor","test/images/uaemmn_pos_test_000023.jpg","test/labels/uaemmn_pos_test_000023.txt","AlowaisEtAl_Meteord_Detection_YOLO/YOLO_UAEMMN_METEORS/M20220112_225218_Liwa_C2P.jpg","42"
"test","meteor","test/images/uaemmn_pos_test_000024.jpg","test/labels/uaemmn_pos_test_000024.txt","AlowaisEtAl_Meteord_Detection_YOLO/YOLO_UAEMMN_METEORS/M20220504_050629_Liwa_C1P.jpg","42"
"test","meteor","test/images/uaemmn_pos_test_000025.jpg","test/labels/uaemmn_pos_test_000025.txt","AlowaisEtAl_Meteord_Detection_YOLO/YOLO_UAEMMN_METEORS/M20200117_015949_SCASS_C4P.jpg","42"
"test","meteor","test/images/uaemmn_pos_test_000026.jpg","test/labels/uaemmn_pos_test_000026.txt","AlowaisEtAl_Meteord_Detection_YOLO/YOLO_UAEMMN_METEORS/M20200101_020130_YAHER_C6P.jpg","42"
"test","meteor","test/images/uaemmn_pos_test_000027.jpg","test/labels/uaemmn_pos_test_000027.txt","AlowaisEtAl_Meteord_Detection_YOLO/YOLO_UAEMMN_METEORS/M20211215_002346_Home_C15P.jpg","42"
"test","meteor","test/images/uaemmn_pos_test_000028.jpg","test/labels/uaemmn_pos_test_000028.txt","AlowaisEtAl_Meteord_Detection_YOLO/YOLO_UAEMMN_METEORS/M20211214_015133_Home_C12P.jpg","42"
"test","meteor","test/images/uaemmn_pos_test_000029.jpg","test/labels/uaemmn_pos_test_000029.txt","AlowaisEtAl_Meteord_Detection_YOLO/YOLO_UAEMMN_METEORS/M20211210_040459_Liwa_C14P.jpg","42"
"test","meteor","test/images/uaemmn_pos_test_000030.jpg","test/labels/uaemmn_pos_test_000030.txt","AlowaisEtAl_Meteord_Detection_YOLO/YOLO_UAEMMN_METEORS/M20210927_040427_Home_C11P.jpg","42"
"test","meteor","test/images/uaemmn_pos_test_000031.jpg","test/labels/uaemmn_pos_test_000031.txt","AlowaisEtAl_Meteord_Detection_YOLO/YOLO_UAEMMN_METEORS/M20220401_015351_YAHER_C9P.jpg","42"
"test","meteor","test/images/uaemmn_pos_test_000032.jpg","test/labels/uaemmn_pos_test_000032.txt","AlowaisEtAl_Meteord_Detection_YOLO/YOLO_UAEMMN_METEORS/M20191006_033924_Home_C15P.jpg","42"
"test","meteor","test/images/uaemmn_pos_test_000033.jpg","test/labels/uaemmn_pos_test_000033.txt","AlowaisEtAl_Meteord_Detection_YOLO/YOLO_UAEMMN_METEORS/M20200122_012206_SCASS_C16P.jpg","42"
"test","meteor","test/images/uaemmn_pos_test_000034.jpg","test/labels/uaemmn_pos_test_000034.txt","AlowaisEtAl_Meteord_Detection_YOLO/YOLO_UAEMMN_METEORS/M20191002_033253_Home_C4P.jpg","42"
"test","meteor","test/images/uaemmn_pos_test_000035.jpg","test/labels/uaemmn_pos_test_000035.txt","AlowaisEtAl_Meteord_Detection_YOLO/YOLO_UAEMMN_METEORS/M20210422_043348_Liwa_C8P.jpg","42"
"test","meteor","test/images/uaemmn_pos_test_000036.jpg","test/labels/uaemmn_pos_test_000036.txt","AlowaisEtAl_Meteord_Detection_YOLO/YOLO_UAEMMN_METEORS/M20191125_014451_Home_C10P.jpg","42"
"test","meteor","test/images/uaemmn_pos_test_000037.jpg","test/labels/uaemmn_pos_test_000037.txt","AlowaisEtAl_Meteord_Detection_YOLO/YOLO_UAEMMN_METEORS/M20191209_053223_SCASS_C2P.jpg","42"
"test","meteor","test/images/uaemmn_pos_test_000038.jpg","test/labels/uaemmn_pos_test_000038.txt","AlowaisEtAl_Meteord_Detection_YOLO/YOLO_UAEMMN_METEORS/M20191001_024952_Home_C8P.jpg","42"
"test","meteor","test/images/uaemmn_pos_test_000039.jpg","test/labels/uaemmn_pos_test_000039.txt","AlowaisEtAl_Meteord_Detection_YOLO/YOLO_UAEMMN_METEORS/M20211220_043241_Liwa_C14P.jpg","42"
"test","meteor","test/images/uaemmn_pos_test_000040.jpg","test/labels/uaemmn_pos_test_000040.txt","AlowaisEtAl_Meteord_Detection_YOLO/YOLO_UAEMMN_METEORS/M20211217_023817_Liwa_C9P.jpg","42"
"test","meteor","test/images/uaemmn_pos_test_000041.jpg","test/labels/uaemmn_pos_test_000041.txt","AlowaisEtAl_Meteord_Detection_YOLO/YOLO_UAEMMN_METEORS/M20210710_200852_Liwa_C14P.jpg","42"
"test","meteor","test/images/uaemmn_pos_test_000042.jpg","test/labels/uaemmn_pos_test_000042.txt","AlowaisEtAl_Meteord_Detection_YOLO/YOLO_UAEMMN_METEORS/M20200104_042219_YAHER_C16P.jpg","42"
"test","meteor","test/images/uaemmn_pos_test_000043.jpg","test/labels/uaemmn_pos_test_000043.txt","AlowaisEtAl_Meteord_Detection_YOLO/YOLO_UAEMMN_METEORS/M20211221_051844_YAHER_C15P.jpg","42"
"test","meteor","test/images/uaemmn_pos_test_000044.jpg","test/labels/uaemmn_pos_test_000044.txt","AlowaisEtAl_Meteord_Detection_YOLO/YOLO_UAEMMN_METEORS/M20211129_060614_YAHER_C12P.jpg","42"
"test","meteor","test/images/uaemmn_pos_test_000045.jpg","test/labels/uaemmn_pos_test_000045.txt","AlowaisEtAl_Meteord_Detection_YOLO/YOLO_UAEMMN_METEORS/M20211214_211820_Liwa_C02P.jpg","42"
"test","meteor","test/images/uaemmn_pos_test_000046.jpg","test/labels/uaemmn_pos_test_000046.txt","AlowaisEtAl_Meteord_Detection_YOLO/YOLO_UAEMMN_METEORS/M20191003_235844_Home_C4P.jpg","42"
"test","meteor","test/images/uaemmn_pos_test_000047.jpg","test/labels/uaemmn_pos_test_000047.txt","AlowaisEtAl_Meteord_Detection_YOLO/YOLO_UAEMMN_METEORS/M20191118_015301_Home_C4P.jpg","42"
"test","meteor","test/images/uaemmn_pos_test_000048.jpg","test/labels/uaemmn_pos_test_000048.txt","AlowaisEtAl_Meteord_Detection_YOLO/YOLO_UAEMMN_METEORS/M20191021_054021_SCASS_C4P.jpg","42"
"test","meteor","test/images/uaemmn_pos_test_000049.jpg","test/labels/uaemmn_pos_test_000049.txt","AlowaisEtAl_Meteord_Detection_YOLO/YOLO_UAEMMN_METEORS/M20200117_040058_SCASS_C3P.jpg","42"
"test","meteor","test/images/uaemmn_pos_test_000050.jpg","test/labels/uaemmn_pos_test_000050.txt","AlowaisEtAl_Meteord_Detection_YOLO/YOLO_UAEMMN_METEORS/M20190815_020812_Home_C15P.jpg","42"
"test","meteor","test/images/uaemmn_pos_test_000051.jpg","test/labels/uaemmn_pos_test_000051.txt","AlowaisEtAl_Meteord_Detection_YOLO/YOLO_UAEMMN_METEORS/M20221008_011949_Home_C12P.jpg","42"
"test","meteor","test/images/uaemmn_pos_test_000052.jpg","test/labels/uaemmn_pos_test_000052.txt","AlowaisEtAl_Meteord_Detection_YOLO/YOLO_UAEMMN_METEORS/M20191026_025803_Home_C7P.jpg","42"
"test","meteor","test/images/uaemmn_pos_test_000053.jpg","test/labels/uaemmn_pos_test_000053.txt","AlowaisEtAl_Meteord_Detection_YOLO/YOLO_UAEMMN_METEORS/M20191030_232115_Home_C4P.jpg","42"
"test","meteor","test/images/uaemmn_pos_test_000054.jpg","test/labels/uaemmn_pos_test_000054.txt","AlowaisEtAl_Meteord_Detection_YOLO/YOLO_UAEMMN_METEORS/M20191107_181128_Home_C2P.jpg","42"
"test","meteor","test/images/uaemmn_pos_test_000055.jpg","test/labels/uaemmn_pos_test_000055.txt","AlowaisEtAl_Meteord_Detection_YOLO/YOLO_UAEMMN_METEORS/M20220108_052750_Liwa_C1P.jpg","42"
"test","meteor","test/images/uaemmn_pos_test_000056.jpg","test/labels/uaemmn_pos_test_000056.txt","AlowaisEtAl_Meteord_Detection_YOLO/YOLO_UAEMMN_METEORS/M20220510_042335_Home_C16P.jpg","42"
"test","meteor","test/images/uaemmn_pos_test_000057.jpg","test/labels/uaemmn_pos_test_000057.txt","AlowaisEtAl_Meteord_Detection_YOLO/YOLO_UAEMMN_METEORS/M20191111_042226_SCASS_C4P.jpg","42"
"test","meteor","test/images/uaemmn_pos_test_000058.jpg","test/labels/uaemmn_pos_test_000058.txt","AlowaisEtAl_Meteord_Detection_YOLO/YOLO_UAEMMN_METEORS/M20191003_023909_SCASS_C16P.jpg","42"
"test","meteor","test/images/uaemmn_pos_test_000059.jpg","test/labels/uaemmn_pos_test_000059.txt","AlowaisEtAl_Meteord_Detection_YOLO/YOLO_UAEMMN_METEORS/M20191004_025717_Home_C16P.jpg","42"
"test","meteor","test/images/uaemmn_pos_test_000060.jpg","test/labels/uaemmn_pos_test_000060.txt","AlowaisEtAl_Meteord_Detection_YOLO/YOLO_UAEMMN_METEORS/M20211207_031212_Liwa_C10P.jpg","42"
"test","meteor","test/images/uaemmn_pos_test_000061.jpg","test/labels/uaemmn_pos_test_000061.txt","AlowaisEtAl_Meteord_Detection_YOLO/YOLO_UAEMMN_METEORS/M20211214_220557_Home_C1P.jpg","42"
"test","meteor","test/images/uaemmn_pos_test_000062.jpg","test/labels/uaemmn_pos_test_000062.txt","AlowaisEtAl_Meteord_Detection_YOLO/YOLO_UAEMMN_METEORS/M20211213_004321_Liwa_C01P.jpg","42"
"test","meteor","test/images/uaemmn_pos_test_000063.jpg","test/labels/uaemmn_pos_test_000063.txt","AlowaisEtAl_Meteord_Detection_YOLO/YOLO_UAEMMN_METEORS/M20200122_035115_SCASS_C7P.jpg","42"
"test","meteor","test/images/uaemmn_pos_test_000064.jpg","test/labels/uaemmn_pos_test_000064.txt","AlowaisEtAl_Meteord_Detection_YOLO/YOLO_UAEMMN_METEORS/M20220914_225905_YAHER_C16P.jpg","42"
"test","meteor","test/images/uaemmn_pos_test_000065.jpg","test/labels/uaemmn_pos_test_000065.txt","AlowaisEtAl_Meteord_Detection_YOLO/YOLO_UAEMMN_METEORS/M20220121_061844_Liwa_C3P.jpg","42"
"test","meteor","test/images/uaemmn_pos_test_000066.jpg","test/labels/uaemmn_pos_test_000066.txt","AlowaisEtAl_Meteord_Detection_YOLO/YOLO_UAEMMN_METEORS/M20211219_002304_Liwa_C15P.jpg","42"
"test","meteor","test/images/uaemmn_pos_test_000067.jpg","test/labels/uaemmn_pos_test_000067.txt","AlowaisEtAl_Meteord_Detection_YOLO/YOLO_UAEMMN_METEORS/M20190909_024717_SCASS_C5P.jpg","42"
"test","meteor","test/images/uaemmn_pos_test_000068.jpg","test/labels/uaemmn_pos_test_000068.txt","AlowaisEtAl_Meteord_Detection_YOLO/YOLO_UAEMMN_METEORS/M20191201_213858_SCASS_C2P.jpg","42"
"test","meteor","test/images/uaemmn_pos_test_000069.jpg","test/labels/uaemmn_pos_test_000069.txt","AlowaisEtAl_Meteord_Detection_YOLO/YOLO_UAEMMN_METEORS/M20191205_233841_SCASS_C4P.jpg","42"
"test","meteor","test/images/uaemmn_pos_test_000070.jpg","test/labels/uaemmn_pos_test_000070.txt","AlowaisEtAl_Meteord_Detection_YOLO/YOLO_UAEMMN_METEORS/M20191122_232735_Home_C9P.jpg","42"
"test","meteor","test/images/uaemmn_pos_test_000071.jpg","test/labels/uaemmn_pos_test_000071.txt","AlowaisEtAl_Meteord_Detection_YOLO/YOLO_UAEMMN_METEORS/M20211215_043611_YAHER_C15P.jpg","42"
"test","meteor","test/images/uaemmn_pos_test_000072.jpg","test/labels/uaemmn_pos_test_000072.txt","AlowaisEtAl_Meteord_Detection_YOLO/YOLO_UAEMMN_METEORS/M20191123_000237_SCASS_C14P.jpg","42"
"test","meteor","test/images/uaemmn_pos_test_000073.jpg","test/labels/uaemmn_pos_test_000073.txt","AlowaisEtAl_Meteord_Detection_YOLO/YOLO_UAEMMN_METEORS/M20211211_001028_Liwa_C02P.jpg","42"
"train","not_meteor","train/images/uaemmn_neg_train_000000.jpg","","AlowaisEtAl_Meteord_Detection_YOLO/YOLO_UAEMMN_NOTMETEORS/M20220928_194038_YAHER_C16P.jpg","42"
"train","not_meteor","train/images/uaemmn_neg_train_000001.jpg","","AlowaisEtAl_Meteord_Detection_YOLO/YOLO_UAEMMN_NOTMETEORS/M20221008_022905_YAHER_C2P.jpg","42"
"train","not_meteor","train/images/uaemmn_neg_train_000003.jpg","","AlowaisEtAl_Meteord_Detection_YOLO/YOLO_UAEMMN_NOTMETEORS/M20220919_025857_YAHER_C16P.jpg","42"
"train","not_meteor","train/images/uaemmn_neg_train_000004.jpg","","AlowaisEtAl_Meteord_Detection_YOLO/YOLO_UAEMMN_NOTMETEORS/M20220919_211849_YAHER_C16P.jpg","42"
"train","not_meteor","train/images/uaemmn_neg_train_000005.jpg","","AlowaisEtAl_Meteord_Detection_YOLO/YOLO_UAEMMN_NOTMETEORS/M20220928_200916_YAHER_C15P.jpg","42"
"train","not_meteor","train/images/uaemmn_neg_train_000006.jpg","","AlowaisEtAl_Meteord_Detection_YOLO/YOLO_UAEMMN_NOTMETEORS/M20221009_194543_YAHER_C8P.jpg","42"
"train","not_meteor","train/images/uaemmn_neg_train_000007.jpg","","AlowaisEtAl_Meteord_Detection_YOLO/YOLO_UAEMMN_NOTMETEORS/M20220925_231628_YAHER_C1P.jpg","42"
"train","not_meteor","train/images/uaemmn_neg_train_000009.jpg","","AlowaisEtAl_Meteord_Detection_YOLO/YOLO_UAEMMN_NOTMETEORS/M20220928_052651_YAHER_C15P.jpg","42"
"train","not_meteor","train/images/uaemmn_neg_train_000010.jpg","","AlowaisEtAl_Meteord_Detection_YOLO/YOLO_UAEMMN_NOTMETEORS/M20220925_223940_YAHER_C2P.jpg","42"
"train","not_meteor","train/images/uaemmn_neg_train_000011.jpg","","AlowaisEtAl_Meteord_Detection_YOLO/YOLO_UAEMMN_NOTMETEORS/M20220924_042303_YAHER_C16P.jpg","42"
"train","not_meteor","train/images/uaemmn_neg_train_000012.jpg","","AlowaisEtAl_Meteord_Detection_YOLO/YOLO_UAEMMN_NOTMETEORS/M20221004_185102_YAHER_C16P.jpg","42"
"train","not_meteor","train/images/uaemmn_neg_train_000014.jpg","","AlowaisEtAl_Meteord_Detection_YOLO/YOLO_UAEMMN_NOTMETEORS/M20221001_191540_YAHER_C15P.jpg","42"
"train","not_meteor","train/images/uaemmn_neg_train_000015.jpg","","AlowaisEtAl_Meteord_Detection_YOLO/YOLO_UAEMMN_NOTMETEORS/M20221001_000847_YAHER_C15P.jpg","42"
"train","not_meteor","train/images/uaemmn_neg_train_000016.jpg","","AlowaisEtAl_Meteord_Detection_YOLO/YOLO_UAEMMN_NOTMETEORS/M20220930_232156_YAHER_C12P.jpg","42"
"train","not_meteor","train/images/uaemmn_neg_train_000017.jpg","","AlowaisEtAl_Meteord_Detection_YOLO/YOLO_UAEMMN_NOTMETEORS/M20221003_194923_YAHER_C16P.jpg","42"
"train","not_meteor","train/images/uaemmn_neg_train_000018.jpg","","AlowaisEtAl_Meteord_Detection_YOLO/YOLO_UAEMMN_NOTMETEORS/M20220925_223252_YAHER_C14P.jpg","42"
"train","not_meteor","train/images/uaemmn_neg_train_000019.jpg","","AlowaisEtAl_Meteord_Detection_YOLO/YOLO_UAEMMN_NOTMETEORS/M20220918_210723_YAHER_C16P.jpg","42"
"train","not_meteor","train/images/uaemmn_neg_train_000020.jpg","","AlowaisEtAl_Meteord_Detection_YOLO/YOLO_UAEMMN_NOTMETEORS/M20221006_043510_YAHER_C1P.jpg","42"
"train","not_meteor","train/images/uaemmn_neg_train_000021.jpg","","AlowaisEtAl_Meteord_Detection_YOLO/YOLO_UAEMMN_NOTMETEORS/M20220929_041903_YAHER_C1P.jpg","42"
"train","not_meteor","train/images/uaemmn_neg_train_000022.jpg","","AlowaisEtAl_Meteord_Detection_YOLO/YOLO_UAEMMN_NOTMETEORS/M20220920_045145_YAHER_C15P.jpg","42"
"train","not_meteor","train/images/uaemmn_neg_train_000023.jpg","","AlowaisEtAl_Meteord_Detection_YOLO/YOLO_UAEMMN_NOTMETEORS/M20220917_205628_YAHER_C16P.jpg","42"
"train","not_meteor","train/images/uaemmn_neg_train_000024.jpg","","AlowaisEtAl_Meteord_Detection_YOLO/YOLO_UAEMMN_NOTMETEORS/M20221005_000905_YAHER_C15P.jpg","42"
"train","not_meteor","train/images/uaemmn_neg_train_000025.jpg","","AlowaisEtAl_Meteord_Detection_YOLO/YOLO_UAEMMN_NOTMETEORS/M20221010_003645_YAHER_C1P.jpg","42"
"train","not_meteor","train/images/uaemmn_neg_train_000026.jpg","","AlowaisEtAl_Meteord_Detection_YOLO/YOLO_UAEMMN_NOTMETEORS/M20220917_033820_YAHER_C14P.jpg","42"
"train","not_meteor","train/images/uaemmn_neg_train_000028.jpg","","AlowaisEtAl_Meteord_Detection_YOLO/YOLO_UAEMMN_NOTMETEORS/M20210718_001704_YAHER_C6P.jpg","42"
"train","not_meteor","train/images/uaemmn_neg_train_000029.jpg","","AlowaisEtAl_Meteord_Detection_YOLO/YOLO_UAEMMN_NOTMETEORS/M20220922_233510_YAHER_C1P.jpg","42"
"train","not_meteor","train/images/uaemmn_neg_train_000031.jpg","","AlowaisEtAl_Meteord_Detection_YOLO/YOLO_UAEMMN_NOTMETEORS/M20221004_191556_YAHER_C16P.jpg","42"
"train","not_meteor","train/images/uaemmn_neg_train_000032.jpg","","AlowaisEtAl_Meteord_Detection_YOLO/YOLO_UAEMMN_NOTMETEORS/M20221001_020300_YAHER_C16P.jpg","42"
"train","not_meteor","train/images/uaemmn_neg_train_000033.jpg","","AlowaisEtAl_Meteord_Detection_YOLO/YOLO_UAEMMN_NOTMETEORS/M20220922_200149_YAHER_C12P.jpg","42"
"train","not_meteor","train/images/uaemmn_neg_train_000034.jpg","","AlowaisEtAl_Meteord_Detection_YOLO/YOLO_UAEMMN_NOTMETEORS/M20220928_235546_YAHER_C10P.jpg","42"
"train","not_meteor","train/images/uaemmn_neg_train_000035.jpg","","AlowaisEtAl_Meteord_Detection_YOLO/YOLO_UAEMMN_NOTMETEORS/M20221003_022859_YAHER_C15P.jpg","42"
"train","not_meteor","train/images/uaemmn_neg_train_000036.jpg","","AlowaisEtAl_Meteord_Detection_YOLO/YOLO_UAEMMN_NOTMETEORS/M20220922_210531_YAHER_C16P.jpg","42"
"train","not_meteor","train/images/uaemmn_neg_train_000037.jpg","","AlowaisEtAl_Meteord_Detection_YOLO/YOLO_UAEMMN_NOTMETEORS/M20220923_025642_YAHER_C15P.jpg","42"
"train","not_meteor","train/images/uaemmn_neg_train_000040.jpg","","AlowaisEtAl_Meteord_Detection_YOLO/YOLO_UAEMMN_NOTMETEORS/M20220922_031123_YAHER_C15P.jpg","42"
"train","not_meteor","train/images/uaemmn_neg_train_000041.jpg","","AlowaisEtAl_Meteord_Detection_YOLO/YOLO_UAEMMN_NOTMETEORS/M20220928_205818_YAHER_C8P.jpg","42"
"train","not_meteor","train/images/uaemmn_neg_train_000042.jpg","","AlowaisEtAl_Meteord_Detection_YOLO/YOLO_UAEMMN_NOTMETEORS/M20221002_040242_YAHER_C16P.jpg","42"
"train","not_meteor","train/images/uaemmn_neg_train_000043.jpg","","AlowaisEtAl_Meteord_Detection_YOLO/YOLO_UAEMMN_NOTMETEORS/M20220930_025653_YAHER_C1P.jpg","42"
"train","not_meteor","train/images/uaemmn_neg_train_000045.jpg","","AlowaisEtAl_Meteord_Detection_YOLO/YOLO_UAEMMN_NOTMETEORS/M20220917_200726_YAHER_C8P.jpg","42"
"train","not_meteor","train/images/uaemmn_neg_train_000046.jpg","","AlowaisEtAl_Meteord_Detection_YOLO/YOLO_UAEMMN_NOTMETEORS/M20220921_233629_YAHER_C15P.jpg","42"
"train","not_meteor","train/images/uaemmn_neg_train_000047.jpg","","AlowaisEtAl_Meteord_Detection_YOLO/YOLO_UAEMMN_NOTMETEORS/M20220930_031303_YAHER_C14P.jpg","42"
"train","not_meteor","train/images/uaemmn_neg_train_000048.jpg","","AlowaisEtAl_Meteord_Detection_YOLO/YOLO_UAEMMN_NOTMETEORS/M20221006_021756_YAHER_C16P.jpg","42"
"train","not_meteor","train/images/uaemmn_neg_train_000049.jpg","","AlowaisEtAl_Meteord_Detection_YOLO/YOLO_UAEMMN_NOTMETEORS/M20220924_022939_YAHER_C16P.jpg","42"
"train","not_meteor","train/images/uaemmn_neg_train_000050.jpg","","AlowaisEtAl_Meteord_Detection_YOLO/YOLO_UAEMMN_NOTMETEORS/M20220929_212114_YAHER_C14P.jpg","42"
"train","not_meteor","train/images/uaemmn_neg_train_000051.jpg","","AlowaisEtAl_Meteord_Detection_YOLO/YOLO_UAEMMN_NOTMETEORS/M20220925_045947_YAHER_C1P.jpg","42"
"train","not_meteor","train/images/uaemmn_neg_train_000052.jpg","","AlowaisEtAl_Meteord_Detection_YOLO/YOLO_UAEMMN_NOTMETEORS/M20220921_002018_YAHER_C16P.jpg","42"
"train","not_meteor","train/images/uaemmn_neg_train_000054.jpg","","AlowaisEtAl_Meteord_Detection_YOLO/YOLO_UAEMMN_NOTMETEORS/M20220925_051304_YAHER_C16P.jpg","42"
"train","not_meteor","train/images/uaemmn_neg_train_000057.jpg","","AlowaisEtAl_Meteord_Detection_YOLO/YOLO_UAEMMN_NOTMETEORS/M20220925_033007_YAHER_C16P.jpg","42"
"train","not_meteor","train/images/uaemmn_neg_train_000058.jpg","","AlowaisEtAl_Meteord_Detection_YOLO/YOLO_UAEMMN_NOTMETEORS/M20220927_014007_YAHER_C14P.jpg","42"
"train","not_meteor","train/images/uaemmn_neg_train_000059.jpg","","AlowaisEtAl_Meteord_Detection_YOLO/YOLO_UAEMMN_NOTMETEORS/M20221008_040508_YAHER_C8P.jpg","42"
"train","not_meteor","train/images/uaemmn_neg_train_000060.jpg","","AlowaisEtAl_Meteord_Detection_YOLO/YOLO_UAEMMN_NOTMETEORS/M20221008_004431_YAHER_C2P.jpg","42"
"train","not_meteor","train/images/uaemmn_neg_train_000061.jpg","","AlowaisEtAl_Meteord_Detection_YOLO/YOLO_UAEMMN_NOTMETEORS/M20221003_030820_YAHER_C15P.jpg","42"
"train","not_meteor","train/images/uaemmn_neg_train_000062.jpg","","AlowaisEtAl_Meteord_Detection_YOLO/YOLO_UAEMMN_NOTMETEORS/M20220917_042425_YAHER_C1P.jpg","42"
"train","not_meteor","train/images/uaemmn_neg_train_000064.jpg","","AlowaisEtAl_Meteord_Detection_YOLO/YOLO_UAEMMN_NOTMETEORS/M20220930_223844_YAHER_C8P.jpg","42"
"train","not_meteor","train/images/uaemmn_neg_train_000065.jpg","","AlowaisEtAl_Meteord_Detection_YOLO/YOLO_UAEMMN_NOTMETEORS/M20221006_200554_YAHER_C15P.jpg","42"
"train","not_meteor","train/images/uaemmn_neg_train_000066.jpg","","AlowaisEtAl_Meteord_Detection_YOLO/YOLO_UAEMMN_NOTMETEORS/M20220923_012653_YAHER_C15P.jpg","42"
"train","not_meteor","train/images/uaemmn_neg_train_000067.jpg","","AlowaisEtAl_Meteord_Detection_YOLO/YOLO_UAEMMN_NOTMETEORS/M20220917_023136_YAHER_C16P.jpg","42"
"train","not_meteor","train/images/uaemmn_neg_train_000068.jpg","","AlowaisEtAl_Meteord_Detection_YOLO/YOLO_UAEMMN_NOTMETEORS/M20220917_195746_YAHER_C15P.jpg","42"
"train","not_meteor","train/images/uaemmn_neg_train_000072.jpg","","AlowaisEtAl_Meteord_Detection_YOLO/YOLO_UAEMMN_NOTMETEORS/M20221010_051933_YAHER_C14P.jpg","42"
"train","not_meteor","train/images/uaemmn_neg_train_000073.jpg","","AlowaisEtAl_Meteord_Detection_YOLO/YOLO_UAEMMN_NOTMETEORS/M20221004_231701_YAHER_C2P.jpg","42"
"train","not_meteor","train/images/uaemmn_neg_train_000074.jpg","","AlowaisEtAl_Meteord_Detection_YOLO/YOLO_UAEMMN_NOTMETEORS/M20221006_232610_YAHER_C16P.jpg","42"
"train","not_meteor","train/images/uaemmn_neg_train_000075.jpg","","AlowaisEtAl_Meteord_Detection_YOLO/YOLO_UAEMMN_NOTMETEORS/M20220925_234619_YAHER_C1P.jpg","42"
"train","not_meteor","train/images/uaemmn_neg_train_000076.jpg","","AlowaisEtAl_Meteord_Detection_YOLO/YOLO_UAEMMN_NOTMETEORS/M20221005_005655_YAHER_C15P.jpg","42"
"train","not_meteor","train/images/uaemmn_neg_train_000077.jpg","","AlowaisEtAl_Meteord_Detection_YOLO/YOLO_UAEMMN_NOTMETEORS/M20220921_030601_YAHER_C15P.jpg","42"
"train","not_meteor","train/images/uaemmn_neg_train_000078.jpg","","AlowaisEtAl_Meteord_Detection_YOLO/YOLO_UAEMMN_NOTMETEORS/M20220919_043711_YAHER_C15P.jpg","42"
"train","not_meteor","train/images/uaemmn_neg_train_000079.jpg","","AlowaisEtAl_Meteord_Detection_YOLO/YOLO_UAEMMN_NOTMETEORS/M20220930_205413_YAHER_C1P.jpg","42"
"train","not_meteor","train/images/uaemmn_neg_train_000080.jpg","","AlowaisEtAl_Meteord_Detection_YOLO/YOLO_UAEMMN_NOTMETEORS/M20220925_043545_YAHER_C16P.jpg","42"
"train","not_meteor","train/images/uaemmn_neg_train_000081.jpg","","AlowaisEtAl_Meteord_Detection_YOLO/YOLO_UAEMMN_NOTMETEORS/M20210718_033949_YAHER_C16P.jpg","42"
"train","not_meteor","train/images/uaemmn_neg_train_000082.jpg","","AlowaisEtAl_Meteord_Detection_YOLO/YOLO_UAEMMN_NOTMETEORS/M20220919_195058_YAHER_C16P.jpg","42"
"train","not_meteor","train/images/uaemmn_neg_train_000083.jpg","","AlowaisEtAl_Meteord_Detection_YOLO/YOLO_UAEMMN_NOTMETEORS/M20220922_003438_YAHER_C1P.jpg","42"
"train","not_meteor","train/images/uaemmn_neg_train_000084.jpg","","AlowaisEtAl_Meteord_Detection_YOLO/YOLO_UAEMMN_NOTMETEORS/M20220923_043401_YAHER_C8P.jpg","42"
"train","not_meteor","train/images/uaemmn_neg_train_000085.jpg","","AlowaisEtAl_Meteord_Detection_YOLO/YOLO_UAEMMN_NOTMETEORS/M20220919_024828_YAHER_C14P.jpg","42"
"train","not_meteor","train/images/uaemmn_neg_train_000086.jpg","","AlowaisEtAl_Meteord_Detection_YOLO/YOLO_UAEMMN_NOTMETEORS/M20221009_024843_YAHER_C16P.jpg","42"
"train","not_meteor","train/images/uaemmn_neg_train_000088.jpg","","AlowaisEtAl_Meteord_Detection_YOLO/YOLO_UAEMMN_NOTMETEORS/M20220920_214223_YAHER_C15P.jpg","42"
"train","not_meteor","train/images/uaemmn_neg_train_000089.jpg","","AlowaisEtAl_Meteord_Detection_YOLO/YOLO_UAEMMN_NOTMETEORS/M20220917_201559_YAHER_C14P.jpg","42"
"train","not_meteor","train/images/uaemmn_neg_train_000090.jpg","","AlowaisEtAl_Meteord_Detection_YOLO/YOLO_UAEMMN_NOTMETEORS/M20220924_014846_YAHER_C2P.jpg","42"
"train","not_meteor","train/images/uaemmn_neg_train_000091.jpg","","AlowaisEtAl_Meteord_Detection_YOLO/YOLO_UAEMMN_NOTMETEORS/M20220920_023323_YAHER_C1P.jpg","42"
"train","not_meteor","train/images/uaemmn_neg_train_000092.jpg","","AlowaisEtAl_Meteord_Detection_YOLO/YOLO_UAEMMN_NOTMETEORS/M20221011_030507_YAHER_C16P.jpg","42"
"train","not_meteor","train/images/uaemmn_neg_train_000093.jpg","","AlowaisEtAl_Meteord_Detection_YOLO/YOLO_UAEMMN_NOTMETEORS/M20221002_051542_YAHER_C14P.jpg","42"
"train","not_meteor","train/images/uaemmn_neg_train_000094.jpg","","AlowaisEtAl_Meteord_Detection_YOLO/YOLO_UAEMMN_NOTMETEORS/M20220928_025646_YAHER_C15P.jpg","42"
"train","not_meteor","train/images/uaemmn_neg_train_000095.jpg","","AlowaisEtAl_Meteord_Detection_YOLO/YOLO_UAEMMN_NOTMETEORS/M20221006_185231_YAHER_C12P.jpg","42"
"train","not_meteor","train/images/uaemmn_neg_train_000096.jpg","","AlowaisEtAl_Meteord_Detection_YOLO/YOLO_UAEMMN_NOTMETEORS/M20220924_194332_YAHER_C2P.jpg","42"
"train","not_meteor","train/images/uaemmn_neg_train_000098.jpg","","AlowaisEtAl_Meteord_Detection_YOLO/YOLO_UAEMMN_NOTMETEORS/M20220921_020101_YAHER_C16P.jpg","42"
"train","not_meteor","train/images/uaemmn_neg_train_000100.jpg","","AlowaisEtAl_Meteord_Detection_YOLO/YOLO_UAEMMN_NOTMETEORS/M20220918_235345_YAHER_C15P.jpg","42"
"train","not_meteor","train/images/uaemmn_neg_train_000101.jpg","","AlowaisEtAl_Meteord_Detection_YOLO/YOLO_UAEMMN_NOTMETEORS/M20220921_203007_YAHER_C1P.jpg","42"
"train","not_meteor","train/images/uaemmn_neg_train_000102.jpg","","AlowaisEtAl_Meteord_Detection_YOLO/YOLO_UAEMMN_NOTMETEORS/M20221004_230937_YAHER_C15P.jpg","42"
"train","not_meteor","train/images/uaemmn_neg_train_000103.jpg","","AlowaisEtAl_Meteord_Detection_YOLO/YOLO_UAEMMN_NOTMETEORS/M20220924_203021_YAHER_C16P.jpg","42"
"train","not_meteor","train/images/uaemmn_neg_train_000104.jpg","","AlowaisEtAl_Meteord_Detection_YOLO/YOLO_UAEMMN_NOTMETEORS/M20221003_014730_YAHER_C11P.jpg","42"
"train","not_meteor","train/images/uaemmn_neg_train_000105.jpg","","AlowaisEtAl_Meteord_Detection_YOLO/YOLO_UAEMMN_NOTMETEORS/M20220926_025340_YAHER_C15P.jpg","42"
"train","not_meteor","train/images/uaemmn_neg_train_000107.jpg","","AlowaisEtAl_Meteord_Detection_YOLO/YOLO_UAEMMN_NOTMETEORS/M20220928_195245_YAHER_C15P.jpg","42"
"train","not_meteor","train/images/uaemmn_neg_train_000109.jpg","","AlowaisEtAl_Meteord_Detection_YOLO/YOLO_UAEMMN_NOTMETEORS/M20221002_023329_YAHER_C15P.jpg","42"
"train","not_meteor","train/images/uaemmn_neg_train_000110.jpg","","AlowaisEtAl_Meteord_Detection_YOLO/YOLO_UAEMMN_NOTMETEORS/M20220927_040549_YAHER_C11P.jpg","42"
"train","not_meteor","train/images/uaemmn_neg_train_000111.jpg","","AlowaisEtAl_Meteord_Detection_YOLO/YOLO_UAEMMN_NOTMETEORS/M20221010_021537_YAHER_C1P.jpg","42"
"train","not_meteor","train/images/uaemmn_neg_train_000112.jpg","","AlowaisEtAl_Meteord_Detection_YOLO/YOLO_UAEMMN_NOTMETEORS/M20220922_212717_YAHER_C16P.jpg","42"
"train","not_meteor","train/images/uaemmn_neg_train_000113.jpg","","AlowaisEtAl_Meteord_Detection_YOLO/YOLO_UAEMMN_NOTMETEORS/M20220921_035412_YAHER_C15P.jpg","42"
"train","not_meteor","train/images/uaemmn_neg_train_000114.jpg","","AlowaisEtAl_Meteord_Detection_YOLO/YOLO_UAEMMN_NOTMETEORS/M20221001_232642_YAHER_C16P.jpg","42"
"train","not_meteor","train/images/uaemmn_neg_train_000116.jpg","","AlowaisEtAl_Meteord_Detection_YOLO/YOLO_UAEMMN_NOTMETEORS/M20221006_203955_YAHER_C12P.jpg","42"
"train","not_meteor","train/images/uaemmn_neg_train_000117.jpg","","AlowaisEtAl_Meteord_Detection_YOLO/YOLO_UAEMMN_NOTMETEORS/M20220925_201952_YAHER_C8P.jpg","42"
"train","not_meteor","train/images/uaemmn_neg_train_000118.jpg","","AlowaisEtAl_Meteord_Detection_YOLO/YOLO_UAEMMN_NOTMETEORS/M20220921_185331_YAHER_C16P.jpg","42"
"train","not_meteor","train/images/uaemmn_neg_train_000119.jpg","","AlowaisEtAl_Meteord_Detection_YOLO/YOLO_UAEMMN_NOTMETEORS/M20221004_033129_YAHER_C2P.jpg","42"
"train","not_meteor","train/images/uaemmn_neg_train_000120.jpg","","AlowaisEtAl_Meteord_Detection_YOLO/YOLO_UAEMMN_NOTMETEORS/M20221006_045917_YAHER_C16P.jpg","42"
"train","not_meteor","train/images/uaemmn_neg_train_000121.jpg","","AlowaisEtAl_Meteord_Detection_YOLO/YOLO_UAEMMN_NOTMETEORS/M20220919_024409_YAHER_C9P.jpg","42"
"train","not_meteor","train/images/uaemmn_neg_train_000125.jpg","","AlowaisEtAl_Meteord_Detection_YOLO/YOLO_UAEMMN_NOTMETEORS/M20220921_014154_YAHER_C15P.jpg","42"
"train","not_meteor","train/images/uaemmn_neg_train_000126.jpg","","AlowaisEtAl_Meteord_Detection_YOLO/YOLO_UAEMMN_NOTMETEORS/M20220919_233017_YAHER_C15P.jpg","42"
"train","not_meteor","train/images/uaemmn_neg_train_000127.jpg","","AlowaisEtAl_Meteord_Detection_YOLO/YOLO_UAEMMN_NOTMETEORS/M20220922_033022_YAHER_C15P.jpg","42"
"train","not_meteor","train/images/uaemmn_neg_train_000130.jpg","","AlowaisEtAl_Meteord_Detection_YOLO/YOLO_UAEMMN_NOTMETEORS/M20220921_215125_YAHER_C16P.jpg","42"
"train","not_meteor","train/images/uaemmn_neg_train_000131.jpg","","AlowaisEtAl_Meteord_Detection_YOLO/YOLO_UAEMMN_NOTMETEORS/M20221002_195228_YAHER_C15P.jpg","42"
"train","not_meteor","train/images/uaemmn_neg_train_000132.jpg","","AlowaisEtAl_Meteord_Detection_YOLO/YOLO_UAEMMN_NOTMETEORS/M20220920_201140_YAHER_C8P.jpg","42"
"train","not_meteor","train/images/uaemmn_neg_train_000133.jpg","","AlowaisEtAl_Meteord_Detection_YOLO/YOLO_UAEMMN_NOTMETEORS/M20220922_205715_YAHER_C16P.jpg","42"
"train","not_meteor","train/images/uaemmn_neg_train_000134.jpg","","AlowaisEtAl_Meteord_Detection_YOLO/YOLO_UAEMMN_NOTMETEORS/M20220920_202757_YAHER_C15P.jpg","42"
"train","not_meteor","train/images/uaemmn_neg_train_000135.jpg","","AlowaisEtAl_Meteord_Detection_YOLO/YOLO_UAEMMN_NOTMETEORS/M20220921_194408_YAHER_C16P.jpg","42"
"train","not_meteor","train/images/uaemmn_neg_train_000136.jpg","","AlowaisEtAl_Meteord_Detection_YOLO/YOLO_UAEMMN_NOTMETEORS/M20220930_004833_YAHER_C2P.jpg","42"
"train","not_meteor","train/images/uaemmn_neg_train_000137.jpg","","AlowaisEtAl_Meteord_Detection_YOLO/YOLO_UAEMMN_NOTMETEORS/M20220919_030305_YAHER_C12P.jpg","42"
"train","not_meteor","train/images/uaemmn_neg_train_000138.jpg","","AlowaisEtAl_Meteord_Detection_YOLO/YOLO_UAEMMN_NOTMETEORS/M20220920_215533_YAHER_C15P.jpg","42"
"train","not_meteor","train/images/uaemmn_neg_train_000140.jpg","","AlowaisEtAl_Meteord_Detection_YOLO/YOLO_UAEMMN_NOTMETEORS/M20220917_050835_YAHER_C8P.jpg","42"
"train","not_meteor","train/images/uaemmn_neg_train_000141.jpg","","AlowaisEtAl_Meteord_Detection_YOLO/YOLO_UAEMMN_NOTMETEORS/M20221004_021716_YAHER_C1P.jpg","42"
"train","not_meteor","train/images/uaemmn_neg_train_000142.jpg","","AlowaisEtAl_Meteord_Detection_YOLO/YOLO_UAEMMN_NOTMETEORS/M20221009_203059_YAHER_C2P.jpg","42"
"train","not_meteor","train/images/uaemmn_neg_train_000143.jpg","","AlowaisEtAl_Meteord_Detection_YOLO/YOLO_UAEMMN_NOTMETEORS/M20220928_205731_YAHER_C14P.jpg","42"
"train","not_meteor","train/images/uaemmn_neg_train_000144.jpg","","AlowaisEtAl_Meteord_Detection_YOLO/YOLO_UAEMMN_NOTMETEORS/M20220925_020755_YAHER_C16P.jpg","42"
"train","not_meteor","train/images/uaemmn_neg_train_000145.jpg","","AlowaisEtAl_Meteord_Detection_YOLO/YOLO_UAEMMN_NOTMETEORS/M20220922_005838_YAHER_C1P.jpg","42"
"train","not_meteor","train/images/uaemmn_neg_train_000146.jpg","","AlowaisEtAl_Meteord_Detection_YOLO/YOLO_UAEMMN_NOTMETEORS/M20221005_193901_YAHER_C8P.jpg","42"
"train","not_meteor","train/images/uaemmn_neg_train_000148.jpg","","AlowaisEtAl_Meteord_Detection_YOLO/YOLO_UAEMMN_NOTMETEORS/M20221009_023156_YAHER_C1P.jpg","42"
"train","not_meteor","train/images/uaemmn_neg_train_000149.jpg","","AlowaisEtAl_Meteord_Detection_YOLO/YOLO_UAEMMN_NOTMETEORS/M20220924_020457_YAHER_C16P.jpg","42"
"train","not_meteor","train/images/uaemmn_neg_train_000151.jpg","","AlowaisEtAl_Meteord_Detection_YOLO/YOLO_UAEMMN_NOTMETEORS/M20220929_231026_YAHER_C2P.jpg","42"
"train","not_meteor","train/images/uaemmn_neg_train_000152.jpg","","AlowaisEtAl_Meteord_Detection_YOLO/YOLO_UAEMMN_NOTMETEORS/M20220924_190321_YAHER_C16P.jpg","42"
"train","not_meteor","train/images/uaemmn_neg_train_000153.jpg","","AlowaisEtAl_Meteord_Detection_YOLO/YOLO_UAEMMN_NOTMETEORS/M20220924_033010_YAHER_C14P.jpg","42"
"train","not_meteor","train/images/uaemmn_neg_train_000154.jpg","","AlowaisEtAl_Meteord_Detection_YOLO/YOLO_UAEMMN_NOTMETEORS/M20220917_002631_YAHER_C16P.jpg","42"
"train","not_meteor","train/images/uaemmn_neg_train_000155.jpg","","AlowaisEtAl_Meteord_Detection_YOLO/YOLO_UAEMMN_NOTMETEORS/M20220928_234113_YAHER_C16P.jpg","42"
"train","not_meteor","train/images/uaemmn_neg_train_000156.jpg","","AlowaisEtAl_Meteord_Detection_YOLO/YOLO_UAEMMN_NOTMETEORS/M20220924_015755_YAHER_C16P.jpg","42"
"train","not_meteor","train/images/uaemmn_neg_train_000157.jpg","","AlowaisEtAl_Meteord_Detection_YOLO/YOLO_UAEMMN_NOTMETEORS/M20220923_001453_YAHER_C16P.jpg","42"
"train","not_meteor","train/images/uaemmn_neg_train_000158.jpg","","AlowaisEtAl_Meteord_Detection_YOLO/YOLO_UAEMMN_NOTMETEORS/M20221004_193040_YAHER_C15P.jpg","42"
"train","not_meteor","train/images/uaemmn_neg_train_000159.jpg","","AlowaisEtAl_Meteord_Detection_YOLO/YOLO_UAEMMN_NOTMETEORS/M20220925_210310_YAHER_C16P.jpg","42"
"train","not_meteor","train/images/uaemmn_neg_train_000160.jpg","","AlowaisEtAl_Meteord_Detection_YOLO/YOLO_UAEMMN_NOTMETEORS/M20220926_233400_YAHER_C2P.jpg","42"
"train","not_meteor","train/images/uaemmn_neg_train_000161.jpg","","AlowaisEtAl_Meteord_Detection_YOLO/YOLO_UAEMMN_NOTMETEORS/M20220928_223355_YAHER_C15P.jpg","42"
"train","not_meteor","train/images/uaemmn_neg_train_000162.jpg","","AlowaisEtAl_Meteord_Detection_YOLO/YOLO_UAEMMN_NOTMETEORS/M20220925_214420_YAHER_C14P.jpg","42"
"train","not_meteor","train/images/uaemmn_neg_train_000164.jpg","","AlowaisEtAl_Meteord_Detection_YOLO/YOLO_UAEMMN_NOTMETEORS/M20221007_233406_YAHER_C1P.jpg","42"
"train","not_meteor","train/images/uaemmn_neg_train_000165.jpg","","AlowaisEtAl_Meteord_Detection_YOLO/YOLO_UAEMMN_NOTMETEORS/M20221008_185930_YAHER_C8P.jpg","42"
"train","not_meteor","train/images/uaemmn_neg_train_000166.jpg","","AlowaisEtAl_Meteord_Detection_YOLO/YOLO_UAEMMN_NOTMETEORS/M20220925_033356_YAHER_C15P.jpg","42"
"train","not_meteor","train/images/uaemmn_neg_train_000167.jpg","","AlowaisEtAl_Meteord_Detection_YOLO/YOLO_UAEMMN_NOTMETEORS/M20220922_191124_YAHER_C14P.jpg","42"
"train","not_meteor","train/images/uaemmn_neg_train_000168.jpg","","AlowaisEtAl_Meteord_Detection_YOLO/YOLO_UAEMMN_NOTMETEORS/M20221005_224443_YAHER_C15P.jpg","42"
"train","not_meteor","train/images/uaemmn_neg_train_000169.jpg","","AlowaisEtAl_Meteord_Detection_YOLO/YOLO_UAEMMN_NOTMETEORS/M20220928_015216_YAHER_C15P.jpg","42"
"train","not_meteor","train/images/uaemmn_neg_train_000170.jpg","","AlowaisEtAl_Meteord_Detection_YOLO/YOLO_UAEMMN_NOTMETEORS/M20220921_194305_YAHER_C16P.jpg","42"
"train","not_meteor","train/images/uaemmn_neg_train_000171.jpg","","AlowaisEtAl_Meteord_Detection_YOLO/YOLO_UAEMMN_NOTMETEORS/M20221007_023708_YAHER_C15P.jpg","42"
"train","not_meteor","train/images/uaemmn_neg_train_000172.jpg","","AlowaisEtAl_Meteord_Detection_YOLO/YOLO_UAEMMN_NOTMETEORS/M20220922_200152_YAHER_C14P.jpg","42"
"train","not_meteor","train/images/uaemmn_neg_train_000173.jpg","","AlowaisEtAl_Meteord_Detection_YOLO/YOLO_UAEMMN_NOTMETEORS/M20220924_044034_YAHER_C9P.jpg","42"
"train","not_meteor","train/images/uaemmn_neg_train_000174.jpg","","AlowaisEtAl_Meteord_Detection_YOLO/YOLO_UAEMMN_NOTMETEORS/M20221001_015103_YAHER_C2P.jpg","42"
"train","not_meteor","train/images/uaemmn_neg_train_000175.jpg","","AlowaisEtAl_Meteord_Detection_YOLO/YOLO_UAEMMN_NOTMETEORS/M20220917_202542_YAHER_C12P.jpg","42"
"train","not_meteor","train/images/uaemmn_neg_train_000176.jpg","","AlowaisEtAl_Meteord_Detection_YOLO/YOLO_UAEMMN_NOTMETEORS/M20220927_023045_YAHER_C15P.jpg","42"
"train","not_meteor","train/images/uaemmn_neg_train_000177.jpg","","AlowaisEtAl_Meteord_Detection_YOLO/YOLO_UAEMMN_NOTMETEORS/M20220917_014437_YAHER_C14P.jpg","42"
"train","not_meteor","train/images/uaemmn_neg_train_000178.jpg","","AlowaisEtAl_Meteord_Detection_YOLO/YOLO_UAEMMN_NOTMETEORS/M20210718_010748_YAHER_C16P.jpg","42"
"train","not_meteor","train/images/uaemmn_neg_train_000179.jpg","","AlowaisEtAl_Meteord_Detection_YOLO/YOLO_UAEMMN_NOTMETEORS/M20220917_005301_YAHER_C15P.jpg","42"
"train","not_meteor","train/images/uaemmn_neg_train_000182.jpg","","AlowaisEtAl_Meteord_Detection_YOLO/YOLO_UAEMMN_NOTMETEORS/M20220929_024522_YAHER_C14P.jpg","42"
"train","not_meteor","train/images/uaemmn_neg_train_000183.jpg","","AlowaisEtAl_Meteord_Detection_YOLO/YOLO_UAEMMN_NOTMETEORS/M20220927_193919_YAHER_C12P.jpg","42"
"train","not_meteor","train/images/uaemmn_neg_train_000184.jpg","","AlowaisEtAl_Meteord_Detection_YOLO/YOLO_UAEMMN_NOTMETEORS/M20221006_230010_YAHER_C15P.jpg","42"
"train","not_meteor","train/images/uaemmn_neg_train_000185.jpg","","AlowaisEtAl_Meteord_Detection_YOLO/YOLO_UAEMMN_NOTMETEORS/M20221008_005809_YAHER_C14P.jpg","42"
"train","not_meteor","train/images/uaemmn_neg_train_000186.jpg","","AlowaisEtAl_Meteord_Detection_YOLO/YOLO_UAEMMN_NOTMETEORS/M20220921_053439_YAHER_C12P.jpg","42"
"train","not_meteor","train/images/uaemmn_neg_train_000187.jpg","","AlowaisEtAl_Meteord_Detection_YOLO/YOLO_UAEMMN_NOTMETEORS/M20221006_051015_YAHER_C8P.jpg","42"
"train","not_meteor","train/images/uaemmn_neg_train_000188.jpg","","AlowaisEtAl_Meteord_Detection_YOLO/YOLO_UAEMMN_NOTMETEORS/M20220923_024006_YAHER_C1P.jpg","42"
"train","not_meteor","train/images/uaemmn_neg_train_000189.jpg","","AlowaisEtAl_Meteord_Detection_YOLO/YOLO_UAEMMN_NOTMETEORS/M20220919_214315_YAHER_C1P.jpg","42"
"train","not_meteor","train/images/uaemmn_neg_train_000191.jpg","","AlowaisEtAl_Meteord_Detection_YOLO/YOLO_UAEMMN_NOTMETEORS/M20220925_190601_YAHER_C16P.jpg","42"
"train","not_meteor","train/images/uaemmn_neg_train_000192.jpg","","AlowaisEtAl_Meteord_Detection_YOLO/YOLO_UAEMMN_NOTMETEORS/M20220920_201520_YAHER_C8P.jpg","42"
"train","not_meteor","train/images/uaemmn_neg_train_000194.jpg","","AlowaisEtAl_Meteord_Detection_YOLO/YOLO_UAEMMN_NOTMETEORS/M20220924_051322_YAHER_C8P.jpg","42"
"train","not_meteor","train/images/uaemmn_neg_train_000195.jpg","","AlowaisEtAl_Meteord_Detection_YOLO/YOLO_UAEMMN_NOTMETEORS/M20220924_032619_YAHER_C16P.jpg","42"
"train","not_meteor","train/images/uaemmn_neg_train_000196.jpg","","AlowaisEtAl_Meteord_Detection_YOLO/YOLO_UAEMMN_NOTMETEORS/M20221006_003332_YAHER_C1P.jpg","42"
"train","not_meteor","train/images/uaemmn_neg_train_000197.jpg","","AlowaisEtAl_Meteord_Detection_YOLO/YOLO_UAEMMN_NOTMETEORS/M20220927_052547_YAHER_C2P.jpg","42"
"train","not_meteor","train/images/uaemmn_neg_train_000198.jpg","","AlowaisEtAl_Meteord_Detection_YOLO/YOLO_UAEMMN_NOTMETEORS/M20220924_005343_YAHER_C14P.jpg","42"
"train","not_meteor","train/images/uaemmn_neg_train_000199.jpg","","AlowaisEtAl_Meteord_Detection_YOLO/YOLO_UAEMMN_NOTMETEORS/M20220918_225818_YAHER_C2P.jpg","42"
"train","not_meteor","train/images/uaemmn_neg_train_000200.jpg","","AlowaisEtAl_Meteord_Detection_YOLO/YOLO_UAEMMN_NOTMETEORS/M20221005_195936_YAHER_C1P.jpg","42"
"train","not_meteor","train/images/uaemmn_neg_train_000201.jpg","","AlowaisEtAl_Meteord_Detection_YOLO/YOLO_UAEMMN_NOTMETEORS/M20220917_041344_YAHER_C2P.jpg","42"
"train","not_meteor","train/images/uaemmn_neg_train_000202.jpg","","AlowaisEtAl_Meteord_Detection_YOLO/YOLO_UAEMMN_NOTMETEORS/M20221005_035218_YAHER_C15P.jpg","42"
"train","not_meteor","train/images/uaemmn_neg_train_000203.jpg","","AlowaisEtAl_Meteord_Detection_YOLO/YOLO_UAEMMN_NOTMETEORS/M20221007_221948_YAHER_C1P.jpg","42"
"train","not_meteor","train/images/uaemmn_neg_train_000204.jpg","","AlowaisEtAl_Meteord_Detection_YOLO/YOLO_UAEMMN_NOTMETEORS/M20221002_002842_YAHER_C8P.jpg","42"
"train","not_meteor","train/images/uaemmn_neg_train_000205.jpg","","AlowaisEtAl_Meteord_Detection_YOLO/YOLO_UAEMMN_NOTMETEORS/M20220925_043201_YAHER_C9P.jpg","42"
"train","not_meteor","train/images/uaemmn_neg_train_000206.jpg","","AlowaisEtAl_Meteord_Detection_YOLO/YOLO_UAEMMN_NOTMETEORS/M20220929_024510_YAHER_C16P.jpg","42"
"train","not_meteor","train/images/uaemmn_neg_train_000207.jpg","","AlowaisEtAl_Meteord_Detection_YOLO/YOLO_UAEMMN_NOTMETEORS/M20221001_205249_YAHER_C1P.jpg","42"
"train","not_meteor","train/images/uaemmn_neg_train_000208.jpg","","AlowaisEtAl_Meteord_Detection_YOLO/YOLO_UAEMMN_NOTMETEORS/M20220925_202010_YAHER_C12P.jpg","42"
"train","not_meteor","train/images/uaemmn_neg_train_000209.jpg","","AlowaisEtAl_Meteord_Detection_YOLO/YOLO_UAEMMN_NOTMETEORS/M20220922_025731_YAHER_C16P.jpg","42"
"train","not_meteor","train/images/uaemmn_neg_train_000211.jpg","","AlowaisEtAl_Meteord_Detection_YOLO/YOLO_UAEMMN_NOTMETEORS/M20221007_210615_YAHER_C14P.jpg","42"
"train","not_meteor","train/images/uaemmn_neg_train_000212.jpg","","AlowaisEtAl_Meteord_Detection_YOLO/YOLO_UAEMMN_NOTMETEORS/M20220927_200630_YAHER_C16P.jpg","42"
"train","not_meteor","train/images/uaemmn_neg_train_000213.jpg","","AlowaisEtAl_Meteord_Detection_YOLO/YOLO_UAEMMN_NOTMETEORS/M20221004_223515_YAHER_C16P.jpg","42"
"train","not_meteor","train/images/uaemmn_neg_train_000214.jpg","","AlowaisEtAl_Meteord_Detection_YOLO/YOLO_UAEMMN_NOTMETEORS/M20221008_000204_YAHER_C14P.jpg","42"
"train","not_meteor","train/images/uaemmn_neg_train_000215.jpg","","AlowaisEtAl_Meteord_Detection_YOLO/YOLO_UAEMMN_NOTMETEORS/M20221005_203659_YAHER_C12P.jpg","42"
"train","not_meteor","train/images/uaemmn_neg_train_000216.jpg","","AlowaisEtAl_Meteord_Detection_YOLO/YOLO_UAEMMN_NOTMETEORS/M20220928_202414_YAHER_C16P.jpg","42"
"train","not_meteor","train/images/uaemmn_neg_train_000218.jpg","","AlowaisEtAl_Meteord_Detection_YOLO/YOLO_UAEMMN_NOTMETEORS/M20220921_050101_YAHER_C1P.jpg","42"
"train","not_meteor","train/images/uaemmn_neg_train_000220.jpg","","AlowaisEtAl_Meteord_Detection_YOLO/YOLO_UAEMMN_NOTMETEORS/M20221001_000155_YAHER_C1P.jpg","42"
"train","not_meteor","train/images/uaemmn_neg_train_000221.jpg","","AlowaisEtAl_Meteord_Detection_YOLO/YOLO_UAEMMN_NOTMETEORS/M20220927_220421_YAHER_C16P.jpg","42"
"train","not_meteor","train/images/uaemmn_neg_train_000222.jpg","","AlowaisEtAl_Meteord_Detection_YOLO/YOLO_UAEMMN_NOTMETEORS/M20220927_215304_YAHER_C16P.jpg","42"
"train","not_meteor","train/images/uaemmn_neg_train_000223.jpg","","AlowaisEtAl_Meteord_Detection_YOLO/YOLO_UAEMMN_NOTMETEORS/M20220923_013823_YAHER_C12P.jpg","42"
"train","not_meteor","train/images/uaemmn_neg_train_000224.jpg","","AlowaisEtAl_Meteord_Detection_YOLO/YOLO_UAEMMN_NOTMETEORS/M20221005_212527_YAHER_C9P.jpg","42"
"train","not_meteor","train/images/uaemmn_neg_train_000225.jpg","","AlowaisEtAl_Meteord_Detection_YOLO/YOLO_UAEMMN_NOTMETEORS/M20220919_010327_YAHER_C12P.jpg","42"
"train","not_meteor","train/images/uaemmn_neg_train_000226.jpg","","AlowaisEtAl_Meteord_Detection_YOLO/YOLO_UAEMMN_NOTMETEORS/M20220918_213849_YAHER_C16P.jpg","42"
"train","not_meteor","train/images/uaemmn_neg_train_000227.jpg","","AlowaisEtAl_Meteord_Detection_YOLO/YOLO_UAEMMN_NOTMETEORS/M20220918_003611_YAHER_C1P.jpg","42"
"train","not_meteor","train/images/uaemmn_neg_train_000228.jpg","","AlowaisEtAl_Meteord_Detection_YOLO/YOLO_UAEMMN_NOTMETEORS/M20220924_050708_YAHER_C12P.jpg","42"
"train","not_meteor","train/images/uaemmn_neg_train_000230.jpg","","AlowaisEtAl_Meteord_Detection_YOLO/YOLO_UAEMMN_NOTMETEORS/M20221003_224300_YAHER_C3P.jpg","42"
"train","not_meteor","train/images/uaemmn_neg_train_000231.jpg","","AlowaisEtAl_Meteord_Detection_YOLO/YOLO_UAEMMN_NOTMETEORS/M20220920_185748_YAHER_C16P.jpg","42"
"train","not_meteor","train/images/uaemmn_neg_train_000232.jpg","","AlowaisEtAl_Meteord_Detection_YOLO/YOLO_UAEMMN_NOTMETEORS/M20220925_210441_YAHER_C16P.jpg","42"
"train","not_meteor","train/images/uaemmn_neg_train_000233.jpg","","AlowaisEtAl_Meteord_Detection_YOLO/YOLO_UAEMMN_NOTMETEORS/M20221007_025032_YAHER_C12P.jpg","42"
"train","not_meteor","train/images/uaemmn_neg_train_000234.jpg","","AlowaisEtAl_Meteord_Detection_YOLO/YOLO_UAEMMN_NOTMETEORS/M20220922_222507_YAHER_C16P.jpg","42"
"train","not_meteor","train/images/uaemmn_neg_train_000235.jpg","","AlowaisEtAl_Meteord_Detection_YOLO/YOLO_UAEMMN_NOTMETEORS/M20220920_201318_YAHER_C16P.jpg","42"
"train","not_meteor","train/images/uaemmn_neg_train_000236.jpg","","AlowaisEtAl_Meteord_Detection_YOLO/YOLO_UAEMMN_NOTMETEORS/M20221007_021108_YAHER_C15P.jpg","42"
"train","not_meteor","train/images/uaemmn_neg_train_000237.jpg","","AlowaisEtAl_Meteord_Detection_YOLO/YOLO_UAEMMN_NOTMETEORS/M20220924_053259_YAHER_C16P.jpg","42"
"train","not_meteor","train/images/uaemmn_neg_train_000238.jpg","","AlowaisEtAl_Meteord_Detection_YOLO/YOLO_UAEMMN_NOTMETEORS/M20220927_021312_YAHER_C1P.jpg","42"
"train","not_meteor","train/images/uaemmn_neg_train_000239.jpg","","AlowaisEtAl_Meteord_Detection_YOLO/YOLO_UAEMMN_NOTMETEORS/M20220918_012223_YAHER_C2P.jpg","42"
"train","not_meteor","train/images/uaemmn_neg_train_000240.jpg","","AlowaisEtAl_Meteord_Detection_YOLO/YOLO_UAEMMN_NOTMETEORS/M20220922_202935_YAHER_C16P.jpg","42"
"train","not_meteor","train/images/uaemmn_neg_train_000241.jpg","","AlowaisEtAl_Meteord_Detection_YOLO/YOLO_UAEMMN_NOTMETEORS/M20220923_200111_YAHER_C8P.jpg","42"
"train","not_meteor","train/images/uaemmn_neg_train_000242.jpg","","AlowaisEtAl_Meteord_Detection_YOLO/YOLO_UAEMMN_NOTMETEORS/M20221003_005728_YAHER_C16P.jpg","42"
"train","not_meteor","train/images/uaemmn_neg_train_000243.jpg","","AlowaisEtAl_Meteord_Detection_YOLO/YOLO_UAEMMN_NOTMETEORS/M20220918_204408_YAHER_C15P.jpg","42"
"train","not_meteor","train/images/uaemmn_neg_train_000244.jpg","","AlowaisEtAl_Meteord_Detection_YOLO/YOLO_UAEMMN_NOTMETEORS/M20220928_214559_YAHER_C16P.jpg","42"
"train","not_meteor","train/images/uaemmn_neg_train_000245.jpg","","AlowaisEtAl_Meteord_Detection_YOLO/YOLO_UAEMMN_NOTMETEORS/M20220924_020800_YAHER_C16P.jpg","42"
"train","not_meteor","train/images/uaemmn_neg_train_000246.jpg","","AlowaisEtAl_Meteord_Detection_YOLO/YOLO_UAEMMN_NOTMETEORS/M20220929_224057_YAHER_C2P.jpg","42"
"train","not_meteor","train/images/uaemmn_neg_train_000247.jpg","","AlowaisEtAl_Meteord_Detection_YOLO/YOLO_UAEMMN_NOTMETEORS/M20221002_025342_YAHER_C12P.jpg","42"
"train","not_meteor","train/images/uaemmn_neg_train_000248.jpg","","AlowaisEtAl_Meteord_Detection_YOLO/YOLO_UAEMMN_NOTMETEORS/M20220930_031238_YAHER_C12P.jpg","42"
"train","not_meteor","train/images/uaemmn_neg_train_000249.jpg","","AlowaisEtAl_Meteord_Detection_YOLO/YOLO_UAEMMN_NOTMETEORS/M20221004_195336_YAHER_C1P.jpg","42"
"train","not_meteor","train/images/uaemmn_neg_train_000250.jpg","","AlowaisEtAl_Meteord_Detection_YOLO/YOLO_UAEMMN_NOTMETEORS/M20221011_030035_YAHER_C16P.jpg","42"
"train","not_meteor","train/images/uaemmn_neg_train_000251.jpg","","AlowaisEtAl_Meteord_Detection_YOLO/YOLO_UAEMMN_NOTMETEORS/M20220928_031939_YAHER_C15P.jpg","42"
"train","not_meteor","train/images/uaemmn_neg_train_000252.jpg","","AlowaisEtAl_Meteord_Detection_YOLO/YOLO_UAEMMN_NOTMETEORS/M20220920_214305_YAHER_C1P.jpg","42"
"train","not_meteor","train/images/uaemmn_neg_train_000253.jpg","","AlowaisEtAl_Meteord_Detection_YOLO/YOLO_UAEMMN_NOTMETEORS/M20220920_022117_YAHER_C2P.jpg","42"
"train","not_meteor","train/images/uaemmn_neg_train_000254.jpg","","AlowaisEtAl_Meteord_Detection_YOLO/YOLO_UAEMMN_NOTMETEORS/M20220918_232935_YAHER_C16P.jpg","42"
"train","not_meteor","train/images/uaemmn_neg_train_000256.jpg","","AlowaisEtAl_Meteord_Detection_YOLO/YOLO_UAEMMN_NOTMETEORS/M20221009_211713_YAHER_C1P.jpg","42"
"train","not_meteor","train/images/uaemmn_neg_train_000257.jpg","","AlowaisEtAl_Meteord_Detection_YOLO/YOLO_UAEMMN_NOTMETEORS/M20220917_232353_YAHER_C14P.jpg","42"
"train","not_meteor","train/images/uaemmn_neg_train_000258.jpg","","AlowaisEtAl_Meteord_Detection_YOLO/YOLO_UAEMMN_NOTMETEORS/M20221004_035504_YAHER_C8P.jpg","42"
"train","not_meteor","train/images/uaemmn_neg_train_000259.jpg","","AlowaisEtAl_Meteord_Detection_YOLO/YOLO_UAEMMN_NOTMETEORS/M20221001_205233_YAHER_C15P.jpg","42"
"train","not_meteor","train/images/uaemmn_neg_train_000260.jpg","","AlowaisEtAl_Meteord_Detection_YOLO/YOLO_UAEMMN_NOTMETEORS/M20221007_023711_YAHER_C16P.jpg","42"
"train","not_meteor","train/images/uaemmn_neg_train_000261.jpg","","AlowaisEtAl_Meteord_Detection_YOLO/YOLO_UAEMMN_NOTMETEORS/M20221003_235941_YAHER_C15P.jpg","42"
"train","not_meteor","train/images/uaemmn_neg_train_000262.jpg","","AlowaisEtAl_Meteord_Detection_YOLO/YOLO_UAEMMN_NOTMETEORS/M20221008_190505_YAHER_C1P.jpg","42"
"train","not_meteor","train/images/uaemmn_neg_train_000264.jpg","","AlowaisEtAl_Meteord_Detection_YOLO/YOLO_UAEMMN_NOTMETEORS/M20221004_212539_YAHER_C15P.jpg","42"
"train","not_meteor","train/images/uaemmn_neg_train_000265.jpg","","AlowaisEtAl_Meteord_Detection_YOLO/YOLO_UAEMMN_NOTMETEORS/M20220921_051126_YAHER_C1P.jpg","42"
"train","not_meteor","train/images/uaemmn_neg_train_000266.jpg","","AlowaisEtAl_Meteord_Detection_YOLO/YOLO_UAEMMN_NOTMETEORS/M20221008_024619_YAHER_C1P.jpg","42"
"train","not_meteor","train/images/uaemmn_neg_train_000267.jpg","","AlowaisEtAl_Meteord_Detection_YOLO/YOLO_UAEMMN_NOTMETEORS/M20220922_203850_YAHER_C16P.jpg","42"
"train","not_meteor","train/images/uaemmn_neg_train_000268.jpg","","AlowaisEtAl_Meteord_Detection_YOLO/YOLO_UAEMMN_NOTMETEORS/M20221001_193109_YAHER_C8P.jpg","42"
"train","not_meteor","train/images/uaemmn_neg_train_000269.jpg","","AlowaisEtAl_Meteord_Detection_YOLO/YOLO_UAEMMN_NOTMETEORS/M20220928_234059_YAHER_C15P.jpg","42"
"train","not_meteor","train/images/uaemmn_neg_train_000270.jpg","","AlowaisEtAl_Meteord_Detection_YOLO/YOLO_UAEMMN_NOTMETEORS/M20221010_001758_YAHER_C16P.jpg","42"
"train","not_meteor","train/images/uaemmn_neg_train_000271.jpg","","AlowaisEtAl_Meteord_Detection_YOLO/YOLO_UAEMMN_NOTMETEORS/M20220924_044705_YAHER_C16P.jpg","42"
"train","not_meteor","train/images/uaemmn_neg_train_000272.jpg","","AlowaisEtAl_Meteord_Detection_YOLO/YOLO_UAEMMN_NOTMETEORS/M20220924_041951_YAHER_C15P.jpg","42"
"train","not_meteor","train/images/uaemmn_neg_train_000273.jpg","","AlowaisEtAl_Meteord_Detection_YOLO/YOLO_UAEMMN_NOTMETEORS/M20221009_232327_YAHER_C8P.jpg","42"
"train","not_meteor","train/images/uaemmn_neg_train_000274.jpg","","AlowaisEtAl_Meteord_Detection_YOLO/YOLO_UAEMMN_NOTMETEORS/M20220929_204222_YAHER_C15P.jpg","42"
"train","not_meteor","train/images/uaemmn_neg_train_000275.jpg","","AlowaisEtAl_Meteord_Detection_YOLO/YOLO_UAEMMN_NOTMETEORS/M20220919_232443_YAHER_C1P.jpg","42"
"train","not_meteor","train/images/uaemmn_neg_train_000276.jpg","","AlowaisEtAl_Meteord_Detection_YOLO/YOLO_UAEMMN_NOTMETEORS/M20220927_040556_YAHER_C15P.jpg","42"
"train","not_meteor","train/images/uaemmn_neg_train_000277.jpg","","AlowaisEtAl_Meteord_Detection_YOLO/YOLO_UAEMMN_NOTMETEORS/M20221008_203038_YAHER_C14P.jpg","42"
"train","not_meteor","train/images/uaemmn_neg_train_000278.jpg","","AlowaisEtAl_Meteord_Detection_YOLO/YOLO_UAEMMN_NOTMETEORS/M20221001_035839_YAHER_C1P.jpg","42"
"train","not_meteor","train/images/uaemmn_neg_train_000279.jpg","","AlowaisEtAl_Meteord_Detection_YOLO/YOLO_UAEMMN_NOTMETEORS/M20220929_031623_YAHER_C3P.jpg","42"
"train","not_meteor","train/images/uaemmn_neg_train_000281.jpg","","AlowaisEtAl_Meteord_Detection_YOLO/YOLO_UAEMMN_NOTMETEORS/M20220924_043529_YAHER_C15P.jpg","42"
"train","not_meteor","train/images/uaemmn_neg_train_000282.jpg","","AlowaisEtAl_Meteord_Detection_YOLO/YOLO_UAEMMN_NOTMETEORS/M20221002_031550_YAHER_C15P.jpg","42"
"train","not_meteor","train/images/uaemmn_neg_train_000283.jpg","","AlowaisEtAl_Meteord_Detection_YOLO/YOLO_UAEMMN_NOTMETEORS/M20220919_232224_YAHER_C1P.jpg","42"
"train","not_meteor","train/images/uaemmn_neg_train_000284.jpg","","AlowaisEtAl_Meteord_Detection_YOLO/YOLO_UAEMMN_NOTMETEORS/M20220923_194159_YAHER_C14P.jpg","42"
"train","not_meteor","train/images/uaemmn_neg_train_000285.jpg","","AlowaisEtAl_Meteord_Detection_YOLO/YOLO_UAEMMN_NOTMETEORS/M20220928_222707_YAHER_C14P.jpg","42"
"train","not_meteor","train/images/uaemmn_neg_train_000286.jpg","","AlowaisEtAl_Meteord_Detection_YOLO/YOLO_UAEMMN_NOTMETEORS/M20220927_231750_YAHER_C16P.jpg","42"
"train","not_meteor","train/images/uaemmn_neg_train_000287.jpg","","AlowaisEtAl_Meteord_Detection_YOLO/YOLO_UAEMMN_NOTMETEORS/M20221005_211244_YAHER_C15P.jpg","42"
"train","not_meteor","train/images/uaemmn_neg_train_000288.jpg","","AlowaisEtAl_Meteord_Detection_YOLO/YOLO_UAEMMN_NOTMETEORS/M20221009_000910_YAHER_C2P.jpg","42"
"train","not_meteor","train/images/uaemmn_neg_train_000289.jpg","","AlowaisEtAl_Meteord_Detection_YOLO/YOLO_UAEMMN_NOTMETEORS/M20220918_050501_YAHER_C12P.jpg","42"
"train","not_meteor","train/images/uaemmn_neg_train_000290.jpg","","AlowaisEtAl_Meteord_Detection_YOLO/YOLO_UAEMMN_NOTMETEORS/M20220925_194756_YAHER_C16P.jpg","42"
"train","not_meteor","train/images/uaemmn_neg_train_000292.jpg","","AlowaisEtAl_Meteord_Detection_YOLO/YOLO_UAEMMN_NOTMETEORS/M20220924_014843_YAHER_C15P.jpg","42"
"train","not_meteor","train/images/uaemmn_neg_train_000293.jpg","","AlowaisEtAl_Meteord_Detection_YOLO/YOLO_UAEMMN_NOTMETEORS/M20220923_194803_YAHER_C16P.jpg","42"
"train","not_meteor","train/images/uaemmn_neg_train_000294.jpg","","AlowaisEtAl_Meteord_Detection_YOLO/YOLO_UAEMMN_NOTMETEORS/M20221007_024656_YAHER_C1P.jpg","42"
"train","not_meteor","train/images/uaemmn_neg_train_000295.jpg","","AlowaisEtAl_Meteord_Detection_YOLO/YOLO_UAEMMN_NOTMETEORS/M20220919_030635_YAHER_C15P.jpg","42"
"train","not_meteor","train/images/uaemmn_neg_train_000296.jpg","","AlowaisEtAl_Meteord_Detection_YOLO/YOLO_UAEMMN_NOTMETEORS/M20221005_211309_YAHER_C15P.jpg","42"
"train","not_meteor","train/images/uaemmn_neg_train_000297.jpg","","AlowaisEtAl_Meteord_Detection_YOLO/YOLO_UAEMMN_NOTMETEORS/M20221005_035247_YAHER_C12P.jpg","42"
"train","not_meteor","train/images/uaemmn_neg_train_000298.jpg","","AlowaisEtAl_Meteord_Detection_YOLO/YOLO_UAEMMN_NOTMETEORS/M20220918_011114_YAHER_C1P.jpg","42"
"train","not_meteor","train/images/uaemmn_neg_train_000300.jpg","","AlowaisEtAl_Meteord_Detection_YOLO/YOLO_UAEMMN_NOTMETEORS/M20220928_202344_YAHER_C16P.jpg","42"
"train","not_meteor","train/images/uaemmn_neg_train_000301.jpg","","AlowaisEtAl_Meteord_Detection_YOLO/YOLO_UAEMMN_NOTMETEORS/M20221003_050057_YAHER_C14P.jpg","42"
"train","not_meteor","train/images/uaemmn_neg_train_000302.jpg","","AlowaisEtAl_Meteord_Detection_YOLO/YOLO_UAEMMN_NOTMETEORS/M20221002_183554_YAHER_C16P.jpg","42"
"train","not_meteor","train/images/uaemmn_neg_train_000303.jpg","","AlowaisEtAl_Meteord_Detection_YOLO/YOLO_UAEMMN_NOTMETEORS/M20221004_000756_YAHER_C15P.jpg","42"
"train","not_meteor","train/images/uaemmn_neg_train_000304.jpg","","AlowaisEtAl_Meteord_Detection_YOLO/YOLO_UAEMMN_NOTMETEORS/M20220925_210613_YAHER_C16P.jpg","42"
"train","not_meteor","train/images/uaemmn_neg_train_000305.jpg","","AlowaisEtAl_Meteord_Detection_YOLO/YOLO_UAEMMN_NOTMETEORS/M20221009_005834_YAHER_C8P.jpg","42"
"train","not_meteor","train/images/uaemmn_neg_train_000306.jpg","","AlowaisEtAl_Meteord_Detection_YOLO/YOLO_UAEMMN_NOTMETEORS/M20221007_235519_YAHER_C2P.jpg","42"
"train","not_meteor","train/images/uaemmn_neg_train_000308.jpg","","AlowaisEtAl_Meteord_Detection_YOLO/YOLO_UAEMMN_NOTMETEORS/M20221004_184726_YAHER_C1P.jpg","42"
"train","not_meteor","train/images/uaemmn_neg_train_000309.jpg","","AlowaisEtAl_Meteord_Detection_YOLO/YOLO_UAEMMN_NOTMETEORS/M20221003_004347_YAHER_C1P.jpg","42"
"train","not_meteor","train/images/uaemmn_neg_train_000310.jpg","","AlowaisEtAl_Meteord_Detection_YOLO/YOLO_UAEMMN_NOTMETEORS/M20221003_030223_YAHER_C15P.jpg","42"
"train","not_meteor","train/images/uaemmn_neg_train_000311.jpg","","AlowaisEtAl_Meteord_Detection_YOLO/YOLO_UAEMMN_NOTMETEORS/M20220924_040439_YAHER_C16P.jpg","42"
"train","not_meteor","train/images/uaemmn_neg_train_000312.jpg","","AlowaisEtAl_Meteord_Detection_YOLO/YOLO_UAEMMN_NOTMETEORS/M20220923_024420_YAHER_C14P.jpg","42"
"train","not_meteor","train/images/uaemmn_neg_train_000313.jpg","","AlowaisEtAl_Meteord_Detection_YOLO/YOLO_UAEMMN_NOTMETEORS/M20221001_051415_YAHER_C14P.jpg","42"
"train","not_meteor","train/images/uaemmn_neg_train_000314.jpg","","AlowaisEtAl_Meteord_Detection_YOLO/YOLO_UAEMMN_NOTMETEORS/M20220921_205847_YAHER_C15P.jpg","42"
"train","not_meteor","train/images/uaemmn_neg_train_000315.jpg","","AlowaisEtAl_Meteord_Detection_YOLO/YOLO_UAEMMN_NOTMETEORS/M20220925_025652_YAHER_C1P.jpg","42"
"train","not_meteor","train/images/uaemmn_neg_train_000316.jpg","","AlowaisEtAl_Meteord_Detection_YOLO/YOLO_UAEMMN_NOTMETEORS/M20220929_031027_YAHER_C16P.jpg","42"
"train","not_meteor","train/images/uaemmn_neg_train_000317.jpg","","AlowaisEtAl_Meteord_Detection_YOLO/YOLO_UAEMMN_NOTMETEORS/M20220920_224145_YAHER_C12P.jpg","42"
"train","not_meteor","train/images/uaemmn_neg_train_000318.jpg","","AlowaisEtAl_Meteord_Detection_YOLO/YOLO_UAEMMN_NOTMETEORS/M20220925_030518_YAHER_C1P.jpg","42"
"train","not_meteor","train/images/uaemmn_neg_train_000320.jpg","","AlowaisEtAl_Meteord_Detection_YOLO/YOLO_UAEMMN_NOTMETEORS/M20220922_203911_YAHER_C16P.jpg","42"
"train","not_meteor","train/images/uaemmn_neg_train_000322.jpg","","AlowaisEtAl_Meteord_Detection_YOLO/YOLO_UAEMMN_NOTMETEORS/M20220921_024956_YAHER_C1P.jpg","42"
"train","not_meteor","train/images/uaemmn_neg_train_000323.jpg","","AlowaisEtAl_Meteord_Detection_YOLO/YOLO_UAEMMN_NOTMETEORS/M20221009_002834_YAHER_C16P.jpg","42"
"train","not_meteor","train/images/uaemmn_neg_train_000324.jpg","","AlowaisEtAl_Meteord_Detection_YOLO/YOLO_UAEMMN_NOTMETEORS/M20220921_205312_YAHER_C1P.jpg","42"
"train","not_meteor","train/images/uaemmn_neg_train_000325.jpg","","AlowaisEtAl_Meteord_Detection_YOLO/YOLO_UAEMMN_NOTMETEORS/M20220920_023323_YAHER_C2P.jpg","42"
"train","not_meteor","train/images/uaemmn_neg_train_000326.jpg","","AlowaisEtAl_Meteord_Detection_YOLO/YOLO_UAEMMN_NOTMETEORS/M20220922_025118_YAHER_C15P.jpg","42"
"train","not_meteor","train/images/uaemmn_neg_train_000327.jpg","","AlowaisEtAl_Meteord_Detection_YOLO/YOLO_UAEMMN_NOTMETEORS/M20220929_210833_YAHER_C14P.jpg","42"
"train","not_meteor","train/images/uaemmn_neg_train_000328.jpg","","AlowaisEtAl_Meteord_Detection_YOLO/YOLO_UAEMMN_NOTMETEORS/M20220922_232202_YAHER_C2P.jpg","42"
"train","not_meteor","train/images/uaemmn_neg_train_000329.jpg","","AlowaisEtAl_Meteord_Detection_YOLO/YOLO_UAEMMN_NOTMETEORS/M20220925_202012_YAHER_C14P.jpg","42"
"train","not_meteor","train/images/uaemmn_neg_train_000330.jpg","","AlowaisEtAl_Meteord_Detection_YOLO/YOLO_UAEMMN_NOTMETEORS/M20220929_035639_YAHER_C16P.jpg","42"
"train","not_meteor","train/images/uaemmn_neg_train_000331.jpg","","AlowaisEtAl_Meteord_Detection_YOLO/YOLO_UAEMMN_NOTMETEORS/M20220927_212354_YAHER_C16P.jpg","42"
"train","not_meteor","train/images/uaemmn_neg_train_000332.jpg","","AlowaisEtAl_Meteord_Detection_YOLO/YOLO_UAEMMN_NOTMETEORS/M20221003_192233_YAHER_C16P.jpg","42"
"train","not_meteor","train/images/uaemmn_neg_train_000333.jpg","","AlowaisEtAl_Meteord_Detection_YOLO/YOLO_UAEMMN_NOTMETEORS/M20220918_013603_YAHER_C2P.jpg","42"
"train","not_meteor","train/images/uaemmn_neg_train_000334.jpg","","AlowaisEtAl_Meteord_Detection_YOLO/YOLO_UAEMMN_NOTMETEORS/M20220919_030259_YAHER_C14P.jpg","42"
"train","not_meteor","train/images/uaemmn_neg_train_000335.jpg","","AlowaisEtAl_Meteord_Detection_YOLO/YOLO_UAEMMN_NOTMETEORS/M20220923_223043_YAHER_C15P.jpg","42"
"train","not_meteor","train/images/uaemmn_neg_train_000338.jpg","","AlowaisEtAl_Meteord_Detection_YOLO/YOLO_UAEMMN_NOTMETEORS/M20220927_191028_YAHER_C1P.jpg","42"
"train","not_meteor","train/images/uaemmn_neg_train_000339.jpg","","AlowaisEtAl_Meteord_Detection_YOLO/YOLO_UAEMMN_NOTMETEORS/M20220926_214211_YAHER_C16P.jpg","42"
"train","not_meteor","train/images/uaemmn_neg_train_000340.jpg","","AlowaisEtAl_Meteord_Detection_YOLO/YOLO_UAEMMN_NOTMETEORS/M20220919_003159_YAHER_C8P.jpg","42"
"train","not_meteor","train/images/uaemmn_neg_train_000341.jpg","","AlowaisEtAl_Meteord_Detection_YOLO/YOLO_UAEMMN_NOTMETEORS/M20221003_193644_YAHER_C12P.jpg","42"
"train","not_meteor","train/images/uaemmn_neg_train_000342.jpg","","AlowaisEtAl_Meteord_Detection_YOLO/YOLO_UAEMMN_NOTMETEORS/M20220920_194155_YAHER_C11P.jpg","42"
"train","not_meteor","train/images/uaemmn_neg_train_000343.jpg","","AlowaisEtAl_Meteord_Detection_YOLO/YOLO_UAEMMN_NOTMETEORS/M20221001_221530_YAHER_C16P.jpg","42"
"train","not_meteor","train/images/uaemmn_neg_train_000344.jpg","","AlowaisEtAl_Meteord_Detection_YOLO/YOLO_UAEMMN_NOTMETEORS/M20220925_184820_YAHER_C16P.jpg","42"
"train","not_meteor","train/images/uaemmn_neg_train_000345.jpg","","AlowaisEtAl_Meteord_Detection_YOLO/YOLO_UAEMMN_NOTMETEORS/M20220930_031943_YAHER_C14P.jpg","42"
"train","not_meteor","train/images/uaemmn_neg_train_000346.jpg","","AlowaisEtAl_Meteord_Detection_YOLO/YOLO_UAEMMN_NOTMETEORS/M20221009_024014_YAHER_C1P.jpg","42"
"train","not_meteor","train/images/uaemmn_neg_train_000347.jpg","","AlowaisEtAl_Meteord_Detection_YOLO/YOLO_UAEMMN_NOTMETEORS/M20221006_231630_YAHER_C15P.jpg","42"
"train","not_meteor","train/images/uaemmn_neg_train_000348.jpg","","AlowaisEtAl_Meteord_Detection_YOLO/YOLO_UAEMMN_NOTMETEORS/M20221008_033519_YAHER_C16P.jpg","42"
"train","not_meteor","train/images/uaemmn_neg_train_000349.jpg","","AlowaisEtAl_Meteord_Detection_YOLO/YOLO_UAEMMN_NOTMETEORS/M20221007_221043_YAHER_C1P.jpg","42"
"train","not_meteor","train/images/uaemmn_neg_train_000350.jpg","","AlowaisEtAl_Meteord_Detection_YOLO/YOLO_UAEMMN_NOTMETEORS/M20221006_205559_YAHER_C14P.jpg","42"
"train","not_meteor","train/images/uaemmn_neg_train_000351.jpg","","AlowaisEtAl_Meteord_Detection_YOLO/YOLO_UAEMMN_NOTMETEORS/M20221002_030809_YAHER_C16P.jpg","42"
"train","not_meteor","train/images/uaemmn_neg_train_000352.jpg","","AlowaisEtAl_Meteord_Detection_YOLO/YOLO_UAEMMN_NOTMETEORS/M20220925_012852_YAHER_C16P.jpg","42"
"train","not_meteor","train/images/uaemmn_neg_train_000353.jpg","","AlowaisEtAl_Meteord_Detection_YOLO/YOLO_UAEMMN_NOTMETEORS/M20220922_030046_YAHER_C14P.jpg","42"
"train","not_meteor","train/images/uaemmn_neg_train_000354.jpg","","AlowaisEtAl_Meteord_Detection_YOLO/YOLO_UAEMMN_NOTMETEORS/M20220925_025937_YAHER_C15P.jpg","42"
"train","not_meteor","train/images/uaemmn_neg_train_000356.jpg","","AlowaisEtAl_Meteord_Detection_YOLO/YOLO_UAEMMN_NOTMETEORS/M20220921_233647_YAHER_C15P.jpg","42"
"train","not_meteor","train/images/uaemmn_neg_train_000357.jpg","","AlowaisEtAl_Meteord_Detection_YOLO/YOLO_UAEMMN_NOTMETEORS/M20221006_033947_YAHER_C1P.jpg","42"
"train","not_meteor","train/images/uaemmn_neg_train_000358.jpg","","AlowaisEtAl_Meteord_Detection_YOLO/YOLO_UAEMMN_NOTMETEORS/M20221002_222043_YAHER_C16P.jpg","42"
"train","not_meteor","train/images/uaemmn_neg_train_000360.jpg","","AlowaisEtAl_Meteord_Detection_YOLO/YOLO_UAEMMN_NOTMETEORS/M20221005_011054_YAHER_C8P.jpg","42"
"train","not_meteor","train/images/uaemmn_neg_train_000361.jpg","","AlowaisEtAl_Meteord_Detection_YOLO/YOLO_UAEMMN_NOTMETEORS/M20221007_044035_YAHER_C16P.jpg","42"
"train","not_meteor","train/images/uaemmn_neg_train_000362.jpg","","AlowaisEtAl_Meteord_Detection_YOLO/YOLO_UAEMMN_NOTMETEORS/M20220927_031247_YAHER_C16P.jpg","42"
"train","not_meteor","train/images/uaemmn_neg_train_000363.jpg","","AlowaisEtAl_Meteord_Detection_YOLO/YOLO_UAEMMN_NOTMETEORS/M20220920_194411_YAHER_C11P.jpg","42"
"train","not_meteor","train/images/uaemmn_neg_train_000364.jpg","","AlowaisEtAl_Meteord_Detection_YOLO/YOLO_UAEMMN_NOTMETEORS/M20220929_002124_YAHER_C16P.jpg","42"
"train","not_meteor","train/images/uaemmn_neg_train_000365.jpg","","AlowaisEtAl_Meteord_Detection_YOLO/YOLO_UAEMMN_NOTMETEORS/M20221010_191610_YAHER_C16P.jpg","42"
"train","not_meteor","train/images/uaemmn_neg_train_000366.jpg","","AlowaisEtAl_Meteord_Detection_YOLO/YOLO_UAEMMN_NOTMETEORS/M20220918_193755_YAHER_C12P.jpg","42"
"train","not_meteor","train/images/uaemmn_neg_train_000367.jpg","","AlowaisEtAl_Meteord_Detection_YOLO/YOLO_UAEMMN_NOTMETEORS/M20221010_001805_YAHER_C1P.jpg","42"
"train","not_meteor","train/images/uaemmn_neg_train_000368.jpg","","AlowaisEtAl_Meteord_Detection_YOLO/YOLO_UAEMMN_NOTMETEORS/M20220924_030828_YAHER_C1P.jpg","42"
"train","not_meteor","train/images/uaemmn_neg_train_000369.jpg","","AlowaisEtAl_Meteord_Detection_YOLO/YOLO_UAEMMN_NOTMETEORS/M20220929_023043_YAHER_C1P.jpg","42"
"train","not_meteor","train/images/uaemmn_neg_train_000370.jpg","","AlowaisEtAl_Meteord_Detection_YOLO/YOLO_UAEMMN_NOTMETEORS/M20220930_011959_YAHER_C16P.jpg","42"
"train","not_meteor","train/images/uaemmn_neg_train_000371.jpg","","AlowaisEtAl_Meteord_Detection_YOLO/YOLO_UAEMMN_NOTMETEORS/M20221009_224437_YAHER_C14P.jpg","42"
"train","not_meteor","train/images/uaemmn_neg_train_000372.jpg","","AlowaisEtAl_Meteord_Detection_YOLO/YOLO_UAEMMN_NOTMETEORS/M20221004_033501_YAHER_C15P.jpg","42"
"train","not_meteor","train/images/uaemmn_neg_train_000373.jpg","","AlowaisEtAl_Meteord_Detection_YOLO/YOLO_UAEMMN_NOTMETEORS/M20220927_022503_YAHER_C15P.jpg","42"
"train","not_meteor","train/images/uaemmn_neg_train_000374.jpg","","AlowaisEtAl_Meteord_Detection_YOLO/YOLO_UAEMMN_NOTMETEORS/M20220917_233859_YAHER_C16P.jpg","42"
"train","not_meteor","train/images/uaemmn_neg_train_000375.jpg","","AlowaisEtAl_Meteord_Detection_YOLO/YOLO_UAEMMN_NOTMETEORS/M20220927_050404_YAHER_C16P.jpg","42"
"train","not_meteor","train/images/uaemmn_neg_train_000376.jpg","","AlowaisEtAl_Meteord_Detection_YOLO/YOLO_UAEMMN_NOTMETEORS/M20221008_214907_YAHER_C14P.jpg","42"
"train","not_meteor","train/images/uaemmn_neg_train_000377.jpg","","AlowaisEtAl_Meteord_Detection_YOLO/YOLO_UAEMMN_NOTMETEORS/M20220925_023444_YAHER_C2P.jpg","42"
"train","not_meteor","train/images/uaemmn_neg_train_000378.jpg","","AlowaisEtAl_Meteord_Detection_YOLO/YOLO_UAEMMN_NOTMETEORS/M20220927_030734_YAHER_C15P.jpg","42"
"train","not_meteor","train/images/uaemmn_neg_train_000379.jpg","","AlowaisEtAl_Meteord_Detection_YOLO/YOLO_UAEMMN_NOTMETEORS/M20220922_022220_YAHER_C15P.jpg","42"
"train","not_meteor","train/images/uaemmn_neg_train_000381.jpg","","AlowaisEtAl_Meteord_Detection_YOLO/YOLO_UAEMMN_NOTMETEORS/M20221001_222634_YAHER_C12P.jpg","42"
"train","not_meteor","train/images/uaemmn_neg_train_000382.jpg","","AlowaisEtAl_Meteord_Detection_YOLO/YOLO_UAEMMN_NOTMETEORS/M20220921_001133_YAHER_C1P.jpg","42"
"train","not_meteor","train/images/uaemmn_neg_train_000383.jpg","","AlowaisEtAl_Meteord_Detection_YOLO/YOLO_UAEMMN_NOTMETEORS/M20220924_202400_YAHER_C15P.jpg","42"
"train","not_meteor","train/images/uaemmn_neg_train_000384.jpg","","AlowaisEtAl_Meteord_Detection_YOLO/YOLO_UAEMMN_NOTMETEORS/M20220919_030111_YAHER_C16P.jpg","42"
"train","not_meteor","train/images/uaemmn_neg_train_000385.jpg","","AlowaisEtAl_Meteord_Detection_YOLO/YOLO_UAEMMN_NOTMETEORS/M20220917_031805_YAHER_C8P.jpg","42"
"train","not_meteor","train/images/uaemmn_neg_train_000386.jpg","","AlowaisEtAl_Meteord_Detection_YOLO/YOLO_UAEMMN_NOTMETEORS/M20220918_213851_YAHER_C15P.jpg","42"
"train","not_meteor","train/images/uaemmn_neg_train_000387.jpg","","AlowaisEtAl_Meteord_Detection_YOLO/YOLO_UAEMMN_NOTMETEORS/M20220921_194123_YAHER_C16P.jpg","42"
"train","not_meteor","train/images/uaemmn_neg_train_000388.jpg","","AlowaisEtAl_Meteord_Detection_YOLO/YOLO_UAEMMN_NOTMETEORS/M20220921_024250_YAHER_C12P.jpg","42"
"train","not_meteor","train/images/uaemmn_neg_train_000389.jpg","","AlowaisEtAl_Meteord_Detection_YOLO/YOLO_UAEMMN_NOTMETEORS/M20220919_003335_YAHER_C15P.jpg","42"
"train","not_meteor","train/images/uaemmn_neg_train_000390.jpg","","AlowaisEtAl_Meteord_Detection_YOLO/YOLO_UAEMMN_NOTMETEORS/M20220927_202634_YAHER_C2P.jpg","42"
"train","not_meteor","train/images/uaemmn_neg_train_000392.jpg","","AlowaisEtAl_Meteord_Detection_YOLO/YOLO_UAEMMN_NOTMETEORS/M20220921_194157_YAHER_C16P.jpg","42"
"train","not_meteor","train/images/uaemmn_neg_train_000393.jpg","","AlowaisEtAl_Meteord_Detection_YOLO/YOLO_UAEMMN_NOTMETEORS/M20220928_232049_YAHER_C14P.jpg","42"
"train","not_meteor","train/images/uaemmn_neg_train_000394.jpg","","AlowaisEtAl_Meteord_Detection_YOLO/YOLO_UAEMMN_NOTMETEORS/M20220920_053124_YAHER_C8P.jpg","42"
"train","not_meteor","train/images/uaemmn_neg_train_000396.jpg","","AlowaisEtAl_Meteord_Detection_YOLO/YOLO_UAEMMN_NOTMETEORS/M20221003_043145_YAHER_C8P.jpg","42"
"train","not_meteor","train/images/uaemmn_neg_train_000397.jpg","","AlowaisEtAl_Meteord_Detection_YOLO/YOLO_UAEMMN_NOTMETEORS/M20220930_202459_YAHER_C8P.jpg","42"
"train","not_meteor","train/images/uaemmn_neg_train_000398.jpg","","AlowaisEtAl_Meteord_Detection_YOLO/YOLO_UAEMMN_NOTMETEORS/M20221005_025404_YAHER_C16P.jpg","42"
"train","not_meteor","train/images/uaemmn_neg_train_000399.jpg","","AlowaisEtAl_Meteord_Detection_YOLO/YOLO_UAEMMN_NOTMETEORS/M20220926_204756_YAHER_C16P.jpg","42"
"train","not_meteor","train/images/uaemmn_neg_train_000402.jpg","","AlowaisEtAl_Meteord_Detection_YOLO/YOLO_UAEMMN_NOTMETEORS/M20221006_050831_YAHER_C1P.jpg","42"
"train","not_meteor","train/images/uaemmn_neg_train_000403.jpg","","AlowaisEtAl_Meteord_Detection_YOLO/YOLO_UAEMMN_NOTMETEORS/M20221005_234952_YAHER_C15P.jpg","42"
"train","not_meteor","train/images/uaemmn_neg_train_000404.jpg","","AlowaisEtAl_Meteord_Detection_YOLO/YOLO_UAEMMN_NOTMETEORS/M20220919_034324_YAHER_C11P.jpg","42"
"train","not_meteor","train/images/uaemmn_neg_train_000405.jpg","","AlowaisEtAl_Meteord_Detection_YOLO/YOLO_UAEMMN_NOTMETEORS/M20220917_050901_YAHER_C10P.jpg","42"
"train","not_meteor","train/images/uaemmn_neg_train_000406.jpg","","AlowaisEtAl_Meteord_Detection_YOLO/YOLO_UAEMMN_NOTMETEORS/M20220925_001638_YAHER_C15P.jpg","42"
"train","not_meteor","train/images/uaemmn_neg_train_000407.jpg","","AlowaisEtAl_Meteord_Detection_YOLO/YOLO_UAEMMN_NOTMETEORS/M20221005_203657_YAHER_C15P.jpg","42"
"train","not_meteor","train/images/uaemmn_neg_train_000408.jpg","","AlowaisEtAl_Meteord_Detection_YOLO/YOLO_UAEMMN_NOTMETEORS/M20220927_222727_YAHER_C15P.jpg","42"
"train","not_meteor","train/images/uaemmn_neg_train_000409.jpg","","AlowaisEtAl_Meteord_Detection_YOLO/YOLO_UAEMMN_NOTMETEORS/M20220925_191322_YAHER_C16P.jpg","42"
"train","not_meteor","train/images/uaemmn_neg_train_000410.jpg","","AlowaisEtAl_Meteord_Detection_YOLO/YOLO_UAEMMN_NOTMETEORS/M20220925_035233_YAHER_C16P.jpg","42"
"train","not_meteor","train/images/uaemmn_neg_train_000411.jpg","","AlowaisEtAl_Meteord_Detection_YOLO/YOLO_UAEMMN_NOTMETEORS/M20220926_044257_YAHER_C8P.jpg","42"
"train","not_meteor","train/images/uaemmn_neg_train_000412.jpg","","AlowaisEtAl_Meteord_Detection_YOLO/YOLO_UAEMMN_NOTMETEORS/M20221002_192232_YAHER_C14P.jpg","42"
"train","not_meteor","train/images/uaemmn_neg_train_000413.jpg","","AlowaisEtAl_Meteord_Detection_YOLO/YOLO_UAEMMN_NOTMETEORS/M20220924_222958_YAHER_C15P.jpg","42"
"train","not_meteor","train/images/uaemmn_neg_train_000414.jpg","","AlowaisEtAl_Meteord_Detection_YOLO/YOLO_UAEMMN_NOTMETEORS/M20220925_204243_YAHER_C12P.jpg","42"
"train","not_meteor","train/images/uaemmn_neg_train_000415.jpg","","AlowaisEtAl_Meteord_Detection_YOLO/YOLO_UAEMMN_NOTMETEORS/M20220928_012904_YAHER_C16P.jpg","42"
"train","not_meteor","train/images/uaemmn_neg_train_000416.jpg","","AlowaisEtAl_Meteord_Detection_YOLO/YOLO_UAEMMN_NOTMETEORS/M20220917_201550_YAHER_C15P.jpg","42"
"train","not_meteor","train/images/uaemmn_neg_train_000417.jpg","","AlowaisEtAl_Meteord_Detection_YOLO/YOLO_UAEMMN_NOTMETEORS/M20220924_030729_YAHER_C12P.jpg","42"
"train","not_meteor","train/images/uaemmn_neg_train_000418.jpg","","AlowaisEtAl_Meteord_Detection_YOLO/YOLO_UAEMMN_NOTMETEORS/M20221001_013411_YAHER_C14P.jpg","42"
"train","not_meteor","train/images/uaemmn_neg_train_000419.jpg","","AlowaisEtAl_Meteord_Detection_YOLO/YOLO_UAEMMN_NOTMETEORS/M20221007_031814_YAHER_C15P.jpg","42"
"train","not_meteor","train/images/uaemmn_neg_train_000420.jpg","","AlowaisEtAl_Meteord_Detection_YOLO/YOLO_UAEMMN_NOTMETEORS/M20221006_214030_YAHER_C2P.jpg","42"
"train","not_meteor","train/images/uaemmn_neg_train_000421.jpg","","AlowaisEtAl_Meteord_Detection_YOLO/YOLO_UAEMMN_NOTMETEORS/M20220923_032906_YAHER_C15P.jpg","42"
"train","not_meteor","train/images/uaemmn_neg_train_000423.jpg","","AlowaisEtAl_Meteord_Detection_YOLO/YOLO_UAEMMN_NOTMETEORS/M20220928_205928_YAHER_C16P.jpg","42"
"train","not_meteor","train/images/uaemmn_neg_train_000425.jpg","","AlowaisEtAl_Meteord_Detection_YOLO/YOLO_UAEMMN_NOTMETEORS/M20220922_224406_YAHER_C16P.jpg","42"
"train","not_meteor","train/images/uaemmn_neg_train_000426.jpg","","AlowaisEtAl_Meteord_Detection_YOLO/YOLO_UAEMMN_NOTMETEORS/M20221006_031326_YAHER_C14P.jpg","42"
"train","not_meteor","train/images/uaemmn_neg_train_000427.jpg","","AlowaisEtAl_Meteord_Detection_YOLO/YOLO_UAEMMN_NOTMETEORS/M20221004_031301_YAHER_C16P.jpg","42"
"train","not_meteor","train/images/uaemmn_neg_train_000428.jpg","","AlowaisEtAl_Meteord_Detection_YOLO/YOLO_UAEMMN_NOTMETEORS/M20221007_002729_YAHER_C15P.jpg","42"
"train","not_meteor","train/images/uaemmn_neg_train_000431.jpg","","AlowaisEtAl_Meteord_Detection_YOLO/YOLO_UAEMMN_NOTMETEORS/M20221009_232314_YAHER_C1P.jpg","42"
"train","not_meteor","train/images/uaemmn_neg_train_000432.jpg","","AlowaisEtAl_Meteord_Detection_YOLO/YOLO_UAEMMN_NOTMETEORS/M20220925_005125_YAHER_C15P.jpg","42"
"train","not_meteor","train/images/uaemmn_neg_train_000434.jpg","","AlowaisEtAl_Meteord_Detection_YOLO/YOLO_UAEMMN_NOTMETEORS/M20220922_011310_YAHER_C14P.jpg","42"
"train","not_meteor","train/images/uaemmn_neg_train_000436.jpg","","AlowaisEtAl_Meteord_Detection_YOLO/YOLO_UAEMMN_NOTMETEORS/M20220925_013713_YAHER_C12P.jpg","42"
"train","not_meteor","train/images/uaemmn_neg_train_000437.jpg","","AlowaisEtAl_Meteord_Detection_YOLO/YOLO_UAEMMN_NOTMETEORS/M20220925_194015_YAHER_C16P.jpg","42"
"train","not_meteor","train/images/uaemmn_neg_train_000438.jpg","","AlowaisEtAl_Meteord_Detection_YOLO/YOLO_UAEMMN_NOTMETEORS/M20220927_222350_YAHER_C15P.jpg","42"
"train","not_meteor","train/images/uaemmn_neg_train_000439.jpg","","AlowaisEtAl_Meteord_Detection_YOLO/YOLO_UAEMMN_NOTMETEORS/M20220928_205818_YAHER_C9P.jpg","42"
"train","not_meteor","train/images/uaemmn_neg_train_000440.jpg","","AlowaisEtAl_Meteord_Detection_YOLO/YOLO_UAEMMN_NOTMETEORS/M20220929_210645_YAHER_C12P.jpg","42"
"train","not_meteor","train/images/uaemmn_neg_train_000443.jpg","","AlowaisEtAl_Meteord_Detection_YOLO/YOLO_UAEMMN_NOTMETEORS/M20220921_185301_YAHER_C16P.jpg","42"
"train","not_meteor","train/images/uaemmn_neg_train_000444.jpg","","AlowaisEtAl_Meteord_Detection_YOLO/YOLO_UAEMMN_NOTMETEORS/M20221001_184719_YAHER_C15P.jpg","42"
"train","not_meteor","train/images/uaemmn_neg_train_000445.jpg","","AlowaisEtAl_Meteord_Detection_YOLO/YOLO_UAEMMN_NOTMETEORS/M20221001_051415_YAHER_C8P.jpg","42"
"train","not_meteor","train/images/uaemmn_neg_train_000447.jpg","","AlowaisEtAl_Meteord_Detection_YOLO/YOLO_UAEMMN_NOTMETEORS/M20220928_225259_YAHER_C8P.jpg","42"
"train","not_meteor","train/images/uaemmn_neg_train_000448.jpg","","AlowaisEtAl_Meteord_Detection_YOLO/YOLO_UAEMMN_NOTMETEORS/M20221001_224814_YAHER_C1P.jpg","42"
"train","not_meteor","train/images/uaemmn_neg_train_000449.jpg","","AlowaisEtAl_Meteord_Detection_YOLO/YOLO_UAEMMN_NOTMETEORS/M20220925_221105_YAHER_C12P.jpg","42"
"train","not_meteor","train/images/uaemmn_neg_train_000450.jpg","","AlowaisEtAl_Meteord_Detection_YOLO/YOLO_UAEMMN_NOTMETEORS/M20221005_034717_YAHER_C15P.jpg","42"
"train","not_meteor","train/images/uaemmn_neg_train_000451.jpg","","AlowaisEtAl_Meteord_Detection_YOLO/YOLO_UAEMMN_NOTMETEORS/M20221006_224329_YAHER_C1P.jpg","42"
"train","not_meteor","train/images/uaemmn_neg_train_000452.jpg","","AlowaisEtAl_Meteord_Detection_YOLO/YOLO_UAEMMN_NOTMETEORS/M20220927_204056_YAHER_C8P.jpg","42"
"train","not_meteor","train/images/uaemmn_neg_train_000453.jpg","","AlowaisEtAl_Meteord_Detection_YOLO/YOLO_UAEMMN_NOTMETEORS/M20221010_045701_YAHER_C8P.jpg","42"
"train","not_meteor","train/images/uaemmn_neg_train_000454.jpg","","AlowaisEtAl_Meteord_Detection_YOLO/YOLO_UAEMMN_NOTMETEORS/M20220926_194443_YAHER_C15P.jpg","42"
"train","not_meteor","train/images/uaemmn_neg_train_000455.jpg","","AlowaisEtAl_Meteord_Detection_YOLO/YOLO_UAEMMN_NOTMETEORS/M20221006_024109_YAHER_C16P.jpg","42"
"train","not_meteor","train/images/uaemmn_neg_train_000456.jpg","","AlowaisEtAl_Meteord_Detection_YOLO/YOLO_UAEMMN_NOTMETEORS/M20221004_184852_YAHER_C15P.jpg","42"
"train","not_meteor","train/images/uaemmn_neg_train_000457.jpg","","AlowaisEtAl_Meteord_Detection_YOLO/YOLO_UAEMMN_NOTMETEORS/M20220920_004635_YAHER_C15P.jpg","42"
"train","not_meteor","train/images/uaemmn_neg_train_000458.jpg","","AlowaisEtAl_Meteord_Detection_YOLO/YOLO_UAEMMN_NOTMETEORS/M20220917_042651_YAHER_C8P.jpg","42"
"train","not_meteor","train/images/uaemmn_neg_train_000459.jpg","","AlowaisEtAl_Meteord_Detection_YOLO/YOLO_UAEMMN_NOTMETEORS/M20220919_231841_YAHER_C12P.jpg","42"
"train","not_meteor","train/images/uaemmn_neg_train_000460.jpg","","AlowaisEtAl_Meteord_Detection_YOLO/YOLO_UAEMMN_NOTMETEORS/M20220928_014618_YAHER_C8P.jpg","42"
"train","not_meteor","train/images/uaemmn_neg_train_000462.jpg","","AlowaisEtAl_Meteord_Detection_YOLO/YOLO_UAEMMN_NOTMETEORS/M20220922_213011_YAHER_C16P.jpg","42"
"train","not_meteor","train/images/uaemmn_neg_train_000464.jpg","","AlowaisEtAl_Meteord_Detection_YOLO/YOLO_UAEMMN_NOTMETEORS/M20221008_231151_YAHER_C1P.jpg","42"
"train","not_meteor","train/images/uaemmn_neg_train_000465.jpg","","AlowaisEtAl_Meteord_Detection_YOLO/YOLO_UAEMMN_NOTMETEORS/M20220930_005920_YAHER_C8P.jpg","42"
"train","not_meteor","train/images/uaemmn_neg_train_000466.jpg","","AlowaisEtAl_Meteord_Detection_YOLO/YOLO_UAEMMN_NOTMETEORS/M20221002_205118_YAHER_C15P.jpg","42"
"train","not_meteor","train/images/uaemmn_neg_train_000468.jpg","","AlowaisEtAl_Meteord_Detection_YOLO/YOLO_UAEMMN_NOTMETEORS/M20220917_194422_YAHER_C15P.jpg","42"
"train","not_meteor","train/images/uaemmn_neg_train_000469.jpg","","AlowaisEtAl_Meteord_Detection_YOLO/YOLO_UAEMMN_NOTMETEORS/M20221002_195301_YAHER_C16P.jpg","42"
"train","not_meteor","train/images/uaemmn_neg_train_000470.jpg","","AlowaisEtAl_Meteord_Detection_YOLO/YOLO_UAEMMN_NOTMETEORS/M20220922_200136_YAHER_C8P.jpg","42"
"train","not_meteor","train/images/uaemmn_neg_train_000471.jpg","","AlowaisEtAl_Meteord_Detection_YOLO/YOLO_UAEMMN_NOTMETEORS/M20220920_025117_YAHER_C12P.jpg","42"
"train","not_meteor","train/images/uaemmn_neg_train_000472.jpg","","AlowaisEtAl_Meteord_Detection_YOLO/YOLO_UAEMMN_NOTMETEORS/M20220930_004719_YAHER_C2P.jpg","42"
"train","not_meteor","train/images/uaemmn_neg_train_000473.jpg","","AlowaisEtAl_Meteord_Detection_YOLO/YOLO_UAEMMN_NOTMETEORS/M20221008_024318_YAHER_C11P.jpg","42"
"train","not_meteor","train/images/uaemmn_neg_train_000474.jpg","","AlowaisEtAl_Meteord_Detection_YOLO/YOLO_UAEMMN_NOTMETEORS/M20220926_011514_YAHER_C16P.jpg","42"
"train","not_meteor","train/images/uaemmn_neg_train_000475.jpg","","AlowaisEtAl_Meteord_Detection_YOLO/YOLO_UAEMMN_NOTMETEORS/M20221001_004016_YAHER_C16P.jpg","42"
"train","not_meteor","train/images/uaemmn_neg_train_000476.jpg","","AlowaisEtAl_Meteord_Detection_YOLO/YOLO_UAEMMN_NOTMETEORS/M20220925_014726_YAHER_C15P.jpg","42"
"train","not_meteor","train/images/uaemmn_neg_train_000477.jpg","","AlowaisEtAl_Meteord_Detection_YOLO/YOLO_UAEMMN_NOTMETEORS/M20221008_201203_YAHER_C1P.jpg","42"
"train","not_meteor","train/images/uaemmn_neg_train_000480.jpg","","AlowaisEtAl_Meteord_Detection_YOLO/YOLO_UAEMMN_NOTMETEORS/M20220920_230342_YAHER_C1P.jpg","42"
"train","not_meteor","train/images/uaemmn_neg_train_000481.jpg","","AlowaisEtAl_Meteord_Detection_YOLO/YOLO_UAEMMN_NOTMETEORS/M20220930_032409_YAHER_C2P.jpg","42"
"train","not_meteor","train/images/uaemmn_neg_train_000482.jpg","","AlowaisEtAl_Meteord_Detection_YOLO/YOLO_UAEMMN_NOTMETEORS/M20220920_204222_YAHER_C1P.jpg","42"
"train","not_meteor","train/images/uaemmn_neg_train_000483.jpg","","AlowaisEtAl_Meteord_Detection_YOLO/YOLO_UAEMMN_NOTMETEORS/M20220925_013441_YAHER_C1P.jpg","42"
"train","not_meteor","train/images/uaemmn_neg_train_000484.jpg","","AlowaisEtAl_Meteord_Detection_YOLO/YOLO_UAEMMN_NOTMETEORS/M20221007_041805_YAHER_C8P.jpg","42"
"train","not_meteor","train/images/uaemmn_neg_train_000485.jpg","","AlowaisEtAl_Meteord_Detection_YOLO/YOLO_UAEMMN_NOTMETEORS/M20220920_185728_YAHER_C15P.jpg","42"
"train","not_meteor","train/images/uaemmn_neg_train_000486.jpg","","AlowaisEtAl_Meteord_Detection_YOLO/YOLO_UAEMMN_NOTMETEORS/M20220928_195247_YAHER_C12P.jpg","42"
"train","not_meteor","train/images/uaemmn_neg_train_000487.jpg","","AlowaisEtAl_Meteord_Detection_YOLO/YOLO_UAEMMN_NOTMETEORS/M20220926_194735_YAHER_C1P.jpg","42"
"train","not_meteor","train/images/uaemmn_neg_train_000488.jpg","","AlowaisEtAl_Meteord_Detection_YOLO/YOLO_UAEMMN_NOTMETEORS/M20221004_230619_YAHER_C14P.jpg","42"
"train","not_meteor","train/images/uaemmn_neg_train_000489.jpg","","AlowaisEtAl_Meteord_Detection_YOLO/YOLO_UAEMMN_NOTMETEORS/M20221009_224256_YAHER_C12P.jpg","42"
"train","not_meteor","train/images/uaemmn_neg_train_000490.jpg","","AlowaisEtAl_Meteord_Detection_YOLO/YOLO_UAEMMN_NOTMETEORS/M20220929_205525_YAHER_C1P.jpg","42"
"train","not_meteor","train/images/uaemmn_neg_train_000491.jpg","","AlowaisEtAl_Meteord_Detection_YOLO/YOLO_UAEMMN_NOTMETEORS/M20220924_015901_YAHER_C16P.jpg","42"
"train","not_meteor","train/images/uaemmn_neg_train_000492.jpg","","AlowaisEtAl_Meteord_Detection_YOLO/YOLO_UAEMMN_NOTMETEORS/M20220923_195404_YAHER_C12P.jpg","42"
"train","not_meteor","train/images/uaemmn_neg_train_000493.jpg","","AlowaisEtAl_Meteord_Detection_YOLO/YOLO_UAEMMN_NOTMETEORS/M20220924_233304_YAHER_C1P.jpg","42"
"train","not_meteor","train/images/uaemmn_neg_train_000494.jpg","","AlowaisEtAl_Meteord_Detection_YOLO/YOLO_UAEMMN_NOTMETEORS/M20220926_015143_YAHER_C16P.jpg","42"
"train","not_meteor","train/images/uaemmn_neg_train_000495.jpg","","AlowaisEtAl_Meteord_Detection_YOLO/YOLO_UAEMMN_NOTMETEORS/M20220921_023423_YAHER_C16P.jpg","42"
"train","not_meteor","train/images/uaemmn_neg_train_000496.jpg","","AlowaisEtAl_Meteord_Detection_YOLO/YOLO_UAEMMN_NOTMETEORS/M20220920_222716_YAHER_C15P.jpg","42"
"train","not_meteor","train/images/uaemmn_neg_train_000497.jpg","","AlowaisEtAl_Meteord_Detection_YOLO/YOLO_UAEMMN_NOTMETEORS/M20220923_024701_YAHER_C8P.jpg","42"
"train","not_meteor","train/images/uaemmn_neg_train_000498.jpg","","AlowaisEtAl_Meteord_Detection_YOLO/YOLO_UAEMMN_NOTMETEORS/M20221003_035655_YAHER_C12P.jpg","42"
"train","not_meteor","train/images/uaemmn_neg_train_000500.jpg","","AlowaisEtAl_Meteord_Detection_YOLO/YOLO_UAEMMN_NOTMETEORS/M20220927_030903_YAHER_C15P.jpg","42"
"train","not_meteor","train/images/uaemmn_neg_train_000501.jpg","","AlowaisEtAl_Meteord_Detection_YOLO/YOLO_UAEMMN_NOTMETEORS/M20220930_235138_YAHER_C1P.jpg","42"
"train","not_meteor","train/images/uaemmn_neg_train_000502.jpg","","AlowaisEtAl_Meteord_Detection_YOLO/YOLO_UAEMMN_NOTMETEORS/M20220917_005303_YAHER_C1P.jpg","42"
"train","not_meteor","train/images/uaemmn_neg_train_000503.jpg","","AlowaisEtAl_Meteord_Detection_YOLO/YOLO_UAEMMN_NOTMETEORS/M20220930_050952_YAHER_C10P.jpg","42"
"train","not_meteor","train/images/uaemmn_neg_train_000504.jpg","","AlowaisEtAl_Meteord_Detection_YOLO/YOLO_UAEMMN_NOTMETEORS/M20220925_002517_YAHER_C2P.jpg","42"
"train","not_meteor","train/images/uaemmn_neg_train_000505.jpg","","AlowaisEtAl_Meteord_Detection_YOLO/YOLO_UAEMMN_NOTMETEORS/M20221002_030730_YAHER_C15P.jpg","42"
"train","not_meteor","train/images/uaemmn_neg_train_000506.jpg","","AlowaisEtAl_Meteord_Detection_YOLO/YOLO_UAEMMN_NOTMETEORS/M20221001_225621_YAHER_C15P.jpg","42"
"train","not_meteor","train/images/uaemmn_neg_train_000507.jpg","","AlowaisEtAl_Meteord_Detection_YOLO/YOLO_UAEMMN_NOTMETEORS/M20220922_221421_YAHER_C1P.jpg","42"
"train","not_meteor","train/images/uaemmn_neg_train_000508.jpg","","AlowaisEtAl_Meteord_Detection_YOLO/YOLO_UAEMMN_NOTMETEORS/M20220925_210543_YAHER_C16P.jpg","42"
"train","not_meteor","train/images/uaemmn_neg_train_000509.jpg","","AlowaisEtAl_Meteord_Detection_YOLO/YOLO_UAEMMN_NOTMETEORS/M20221008_032757_YAHER_C16P.jpg","42"
"train","not_meteor","train/images/uaemmn_neg_train_000510.jpg","","AlowaisEtAl_Meteord_Detection_YOLO/YOLO_UAEMMN_NOTMETEORS/M20220921_041519_YAHER_C15P.jpg","42"
"train","not_meteor","train/images/uaemmn_neg_train_000511.jpg","","AlowaisEtAl_Meteord_Detection_YOLO/YOLO_UAEMMN_NOTMETEORS/M20220921_194027_YAHER_C16P.jpg","42"
"train","not_meteor","train/images/uaemmn_neg_train_000512.jpg","","AlowaisEtAl_Meteord_Detection_YOLO/YOLO_UAEMMN_NOTMETEORS/M20220922_034046_YAHER_C14P.jpg","42"
"train","not_meteor","train/images/uaemmn_neg_train_000513.jpg","","AlowaisEtAl_Meteord_Detection_YOLO/YOLO_UAEMMN_NOTMETEORS/M20220927_041020_YAHER_C15P.jpg","42"
"train","not_meteor","train/images/uaemmn_neg_train_000514.jpg","","AlowaisEtAl_Meteord_Detection_YOLO/YOLO_UAEMMN_NOTMETEORS/M20220924_220122_YAHER_C1P.jpg","42"
"train","not_meteor","train/images/uaemmn_neg_train_000516.jpg","","AlowaisEtAl_Meteord_Detection_YOLO/YOLO_UAEMMN_NOTMETEORS/M20220919_203858_YAHER_C15P.jpg","42"
"train","not_meteor","train/images/uaemmn_neg_train_000517.jpg","","AlowaisEtAl_Meteord_Detection_YOLO/YOLO_UAEMMN_NOTMETEORS/M20220921_193856_YAHER_C16P.jpg","42"
"train","not_meteor","train/images/uaemmn_neg_train_000518.jpg","","AlowaisEtAl_Meteord_Detection_YOLO/YOLO_UAEMMN_NOTMETEORS/M20220927_203716_YAHER_C15P.jpg","42"
"train","not_meteor","train/images/uaemmn_neg_train_000519.jpg","","AlowaisEtAl_Meteord_Detection_YOLO/YOLO_UAEMMN_NOTMETEORS/M20221009_191955_YAHER_C14P.jpg","42"
"train","not_meteor","train/images/uaemmn_neg_train_000521.jpg","","AlowaisEtAl_Meteord_Detection_YOLO/YOLO_UAEMMN_NOTMETEORS/M20220928_005353_YAHER_C1P.jpg","42"
"train","not_meteor","train/images/uaemmn_neg_train_000522.jpg","","AlowaisEtAl_Meteord_Detection_YOLO/YOLO_UAEMMN_NOTMETEORS/M20221001_201601_YAHER_C1P.jpg","42"
"train","not_meteor","train/images/uaemmn_neg_train_000523.jpg","","AlowaisEtAl_Meteord_Detection_YOLO/YOLO_UAEMMN_NOTMETEORS/M20221006_195347_YAHER_C16P.jpg","42"
"train","not_meteor","train/images/uaemmn_neg_train_000525.jpg","","AlowaisEtAl_Meteord_Detection_YOLO/YOLO_UAEMMN_NOTMETEORS/M20220922_011911_YAHER_C15P.jpg","42"
"train","not_meteor","train/images/uaemmn_neg_train_000527.jpg","","AlowaisEtAl_Meteord_Detection_YOLO/YOLO_UAEMMN_NOTMETEORS/M20220928_194028_YAHER_C16P.jpg","42"
"train","not_meteor","train/images/uaemmn_neg_train_000528.jpg","","AlowaisEtAl_Meteord_Detection_YOLO/YOLO_UAEMMN_NOTMETEORS/M20220925_211221_YAHER_C2P.jpg","42"
"train","not_meteor","train/images/uaemmn_neg_train_000529.jpg","","AlowaisEtAl_Meteord_Detection_YOLO/YOLO_UAEMMN_NOTMETEORS/M20220928_023231_YAHER_C12P.jpg","42"
"train","not_meteor","train/images/uaemmn_neg_train_000530.jpg","","AlowaisEtAl_Meteord_Detection_YOLO/YOLO_UAEMMN_NOTMETEORS/M20220924_203345_YAHER_C15P.jpg","42"
"train","not_meteor","train/images/uaemmn_neg_train_000531.jpg","","AlowaisEtAl_Meteord_Detection_YOLO/YOLO_UAEMMN_NOTMETEORS/M20220930_212207_YAHER_C1P.jpg","42"
"train","not_meteor","train/images/uaemmn_neg_train_000532.jpg","","AlowaisEtAl_Meteord_Detection_YOLO/YOLO_UAEMMN_NOTMETEORS/M20221008_030502_YAHER_C16P.jpg","42"
"train","not_meteor","train/images/uaemmn_neg_train_000533.jpg","","AlowaisEtAl_Meteord_Detection_YOLO/YOLO_UAEMMN_NOTMETEORS/M20221001_024747_YAHER_C14P.jpg","42"
"train","not_meteor","train/images/uaemmn_neg_train_000534.jpg","","AlowaisEtAl_Meteord_Detection_YOLO/YOLO_UAEMMN_NOTMETEORS/M20220919_222220_YAHER_C1P.jpg","42"
"train","not_meteor","train/images/uaemmn_neg_train_000535.jpg","","AlowaisEtAl_Meteord_Detection_YOLO/YOLO_UAEMMN_NOTMETEORS/M20221004_033510_YAHER_C16P.jpg","42"
"train","not_meteor","train/images/uaemmn_neg_train_000536.jpg","","AlowaisEtAl_Meteord_Detection_YOLO/YOLO_UAEMMN_NOTMETEORS/M20221009_204215_YAHER_C14P.jpg","42"
"train","not_meteor","train/images/uaemmn_neg_train_000537.jpg","","AlowaisEtAl_Meteord_Detection_YOLO/YOLO_UAEMMN_NOTMETEORS/M20220924_020208_YAHER_C16P.jpg","42"
"train","not_meteor","train/images/uaemmn_neg_train_000539.jpg","","AlowaisEtAl_Meteord_Detection_YOLO/YOLO_UAEMMN_NOTMETEORS/M20221002_032034_YAHER_C14P.jpg","42"
"train","not_meteor","train/images/uaemmn_neg_train_000540.jpg","","AlowaisEtAl_Meteord_Detection_YOLO/YOLO_UAEMMN_NOTMETEORS/M20220930_203949_YAHER_C14P.jpg","42"
"train","not_meteor","train/images/uaemmn_neg_train_000541.jpg","","AlowaisEtAl_Meteord_Detection_YOLO/YOLO_UAEMMN_NOTMETEORS/M20221007_015337_YAHER_C15P.jpg","42"
"train","not_meteor","train/images/uaemmn_neg_train_000542.jpg","","AlowaisEtAl_Meteord_Detection_YOLO/YOLO_UAEMMN_NOTMETEORS/M20220926_031249_YAHER_C16P.jpg","42"
"train","not_meteor","train/images/uaemmn_neg_train_000543.jpg","","AlowaisEtAl_Meteord_Detection_YOLO/YOLO_UAEMMN_NOTMETEORS/M20220925_021049_YAHER_C11P.jpg","42"
"train","not_meteor","train/images/uaemmn_neg_train_000544.jpg","","AlowaisEtAl_Meteord_Detection_YOLO/YOLO_UAEMMN_NOTMETEORS/M20221006_233347_YAHER_C1P.jpg","42"
"train","not_meteor","train/images/uaemmn_neg_train_000545.jpg","","AlowaisEtAl_Meteord_Detection_YOLO/YOLO_UAEMMN_NOTMETEORS/M20221007_042934_YAHER_C15P.jpg","42"
"train","not_meteor","train/images/uaemmn_neg_train_000546.jpg","","AlowaisEtAl_Meteord_Detection_YOLO/YOLO_UAEMMN_NOTMETEORS/M20220928_033051_YAHER_C15P.jpg","42"
"train","not_meteor","train/images/uaemmn_neg_train_000548.jpg","","AlowaisEtAl_Meteord_Detection_YOLO/YOLO_UAEMMN_NOTMETEORS/M20220922_191852_YAHER_C16P.jpg","42"
"train","not_meteor","train/images/uaemmn_neg_train_000549.jpg","","AlowaisEtAl_Meteord_Detection_YOLO/YOLO_UAEMMN_NOTMETEORS/M20221001_034121_YAHER_C8P.jpg","42"
"train","not_meteor","train/images/uaemmn_neg_train_000550.jpg","","AlowaisEtAl_Meteord_Detection_YOLO/YOLO_UAEMMN_NOTMETEORS/M20221007_204852_YAHER_C1P.jpg","42"
"train","not_meteor","train/images/uaemmn_neg_train_000551.jpg","","AlowaisEtAl_Meteord_Detection_YOLO/YOLO_UAEMMN_NOTMETEORS/M20220922_210342_YAHER_C15P.jpg","42"
"train","not_meteor","train/images/uaemmn_neg_train_000552.jpg","","AlowaisEtAl_Meteord_Detection_YOLO/YOLO_UAEMMN_NOTMETEORS/M20220918_015745_YAHER_C16P.jpg","42"
"train","not_meteor","train/images/uaemmn_neg_train_000553.jpg","","AlowaisEtAl_Meteord_Detection_YOLO/YOLO_UAEMMN_NOTMETEORS/M20220919_010326_YAHER_C16P.jpg","42"
"train","not_meteor","train/images/uaemmn_neg_train_000554.jpg","","AlowaisEtAl_Meteord_Detection_YOLO/YOLO_UAEMMN_NOTMETEORS/M20221004_001830_YAHER_C3P.jpg","42"
"train","not_meteor","train/images/uaemmn_neg_train_000555.jpg","","AlowaisEtAl_Meteord_Detection_YOLO/YOLO_UAEMMN_NOTMETEORS/M20221005_050734_YAHER_C2P.jpg","42"
"train","not_meteor","train/images/uaemmn_neg_train_000556.jpg","","AlowaisEtAl_Meteord_Detection_YOLO/YOLO_UAEMMN_NOTMETEORS/M20221004_001700_YAHER_C15P.jpg","42"
"train","not_meteor","train/images/uaemmn_neg_train_000557.jpg","","AlowaisEtAl_Meteord_Detection_YOLO/YOLO_UAEMMN_NOTMETEORS/M20220929_041516_YAHER_C16P.jpg","42"
"train","not_meteor","train/images/uaemmn_neg_train_000558.jpg","","AlowaisEtAl_Meteord_Detection_YOLO/YOLO_UAEMMN_NOTMETEORS/M20220919_050746_YAHER_C11P.jpg","42"
"train","not_meteor","train/images/uaemmn_neg_train_000559.jpg","","AlowaisEtAl_Meteord_Detection_YOLO/YOLO_UAEMMN_NOTMETEORS/M20220925_040059_YAHER_C14P.jpg","42"
"train","not_meteor","train/images/uaemmn_neg_train_000560.jpg","","AlowaisEtAl_Meteord_Detection_YOLO/YOLO_UAEMMN_NOTMETEORS/M20221001_220151_YAHER_C12P.jpg","42"
"train","not_meteor","train/images/uaemmn_neg_train_000561.jpg","","AlowaisEtAl_Meteord_Detection_YOLO/YOLO_UAEMMN_NOTMETEORS/M20221007_223925_YAHER_C16P.jpg","42"
"train","not_meteor","train/images/uaemmn_neg_train_000562.jpg","","AlowaisEtAl_Meteord_Detection_YOLO/YOLO_UAEMMN_NOTMETEORS/M20220918_005612_YAHER_C8P.jpg","42"
"train","not_meteor","train/images/uaemmn_neg_train_000563.jpg","","AlowaisEtAl_Meteord_Detection_YOLO/YOLO_UAEMMN_NOTMETEORS/M20220927_023741_YAHER_C15P.jpg","42"
"train","not_meteor","train/images/uaemmn_neg_train_000564.jpg","","AlowaisEtAl_Meteord_Detection_YOLO/YOLO_UAEMMN_NOTMETEORS/M20220923_224441_YAHER_C12P.jpg","42"
"train","not_meteor","train/images/uaemmn_neg_train_000565.jpg","","AlowaisEtAl_Meteord_Detection_YOLO/YOLO_UAEMMN_NOTMETEORS/M20220929_032405_YAHER_C1P.jpg","42"
"train","not_meteor","train/images/uaemmn_neg_train_000566.jpg","","AlowaisEtAl_Meteord_Detection_YOLO/YOLO_UAEMMN_NOTMETEORS/M20221010_041330_YAHER_C11P.jpg","42"
"train","not_meteor","train/images/uaemmn_neg_train_000567.jpg","","AlowaisEtAl_Meteord_Detection_YOLO/YOLO_UAEMMN_NOTMETEORS/M20220924_020328_YAHER_C16P.jpg","42"
"train","not_meteor","train/images/uaemmn_neg_train_000568.jpg","","AlowaisEtAl_Meteord_Detection_YOLO/YOLO_UAEMMN_NOTMETEORS/M20221005_030110_YAHER_C1P.jpg","42"
"train","not_meteor","train/images/uaemmn_neg_train_000569.jpg","","AlowaisEtAl_Meteord_Detection_YOLO/YOLO_UAEMMN_NOTMETEORS/M20221008_215552_YAHER_C1P.jpg","42"
"train","not_meteor","train/images/uaemmn_neg_train_000571.jpg","","AlowaisEtAl_Meteord_Detection_YOLO/YOLO_UAEMMN_NOTMETEORS/M20220930_031043_YAHER_C16P.jpg","42"
"train","not_meteor","train/images/uaemmn_neg_train_000573.jpg","","AlowaisEtAl_Meteord_Detection_YOLO/YOLO_UAEMMN_NOTMETEORS/M20221009_030050_YAHER_C14P.jpg","42"
"train","not_meteor","train/images/uaemmn_neg_train_000574.jpg","","AlowaisEtAl_Meteord_Detection_YOLO/YOLO_UAEMMN_NOTMETEORS/M20220926_224308_YAHER_C15P.jpg","42"
"train","not_meteor","train/images/uaemmn_neg_train_000575.jpg","","AlowaisEtAl_Meteord_Detection_YOLO/YOLO_UAEMMN_NOTMETEORS/M20220921_233018_YAHER_C16P.jpg","42"
"train","not_meteor","train/images/uaemmn_neg_train_000576.jpg","","AlowaisEtAl_Meteord_Detection_YOLO/YOLO_UAEMMN_NOTMETEORS/M20220920_235322_YAHER_C16P.jpg","42"
"train","not_meteor","train/images/uaemmn_neg_train_000577.jpg","","AlowaisEtAl_Meteord_Detection_YOLO/YOLO_UAEMMN_NOTMETEORS/M20221005_002450_YAHER_C15P.jpg","42"
"train","not_meteor","train/images/uaemmn_neg_train_000578.jpg","","AlowaisEtAl_Meteord_Detection_YOLO/YOLO_UAEMMN_NOTMETEORS/M20220925_192313_YAHER_C16P.jpg","42"
"train","not_meteor","train/images/uaemmn_neg_train_000579.jpg","","AlowaisEtAl_Meteord_Detection_YOLO/YOLO_UAEMMN_NOTMETEORS/M20220921_053413_YAHER_C16P.jpg","42"
"train","not_meteor","train/images/uaemmn_neg_train_000580.jpg","","AlowaisEtAl_Meteord_Detection_YOLO/YOLO_UAEMMN_NOTMETEORS/M20221003_025443_YAHER_C16P.jpg","42"
"train","not_meteor","train/images/uaemmn_neg_train_000581.jpg","","AlowaisEtAl_Meteord_Detection_YOLO/YOLO_UAEMMN_NOTMETEORS/M20220922_050810_YAHER_C14P.jpg","42"
"train","not_meteor","train/images/uaemmn_neg_train_000584.jpg","","AlowaisEtAl_Meteord_Detection_YOLO/YOLO_UAEMMN_NOTMETEORS/M20221002_032025_YAHER_C15P.jpg","42"
"train","not_meteor","train/images/uaemmn_neg_train_000585.jpg","","AlowaisEtAl_Meteord_Detection_YOLO/YOLO_UAEMMN_NOTMETEORS/M20220918_045510_YAHER_C9P.jpg","42"
"train","not_meteor","train/images/uaemmn_neg_train_000586.jpg","","AlowaisEtAl_Meteord_Detection_YOLO/YOLO_UAEMMN_NOTMETEORS/M20220922_225308_YAHER_C12P.jpg","42"
"train","not_meteor","train/images/uaemmn_neg_train_000587.jpg","","AlowaisEtAl_Meteord_Detection_YOLO/YOLO_UAEMMN_NOTMETEORS/M20220922_224753_YAHER_C1P.jpg","42"
"train","not_meteor","train/images/uaemmn_neg_train_000588.jpg","","AlowaisEtAl_Meteord_Detection_YOLO/YOLO_UAEMMN_NOTMETEORS/M20220918_192954_YAHER_C15P.jpg","42"
"train","not_meteor","train/images/uaemmn_neg_train_000589.jpg","","AlowaisEtAl_Meteord_Detection_YOLO/YOLO_UAEMMN_NOTMETEORS/M20221007_222358_YAHER_C1P.jpg","42"
"train","not_meteor","train/images/uaemmn_neg_train_000591.jpg","","AlowaisEtAl_Meteord_Detection_YOLO/YOLO_UAEMMN_NOTMETEORS/M20220921_052921_YAHER_C16P.jpg","42"
"validation","not_meteor","validation/images/uaemmn_neg_validation_000002.jpg","","AlowaisEtAl_Meteord_Detection_YOLO/YOLO_UAEMMN_NOTMETEORS/M20221004_050301_YAHER_C8P.jpg","42"
"validation","not_meteor","validation/images/uaemmn_neg_validation_000003.jpg","","AlowaisEtAl_Meteord_Detection_YOLO/YOLO_UAEMMN_NOTMETEORS/M20221001_000001_YAHER_C1P.jpg","42"
"validation","not_meteor","validation/images/uaemmn_neg_validation_000004.jpg","","AlowaisEtAl_Meteord_Detection_YOLO/YOLO_UAEMMN_NOTMETEORS/M20220922_214025_YAHER_C16P.jpg","42"
"validation","not_meteor","validation/images/uaemmn_neg_validation_000005.jpg","","AlowaisEtAl_Meteord_Detection_YOLO/YOLO_UAEMMN_NOTMETEORS/M20220924_025610_YAHER_C14P.jpg","42"
"validation","not_meteor","validation/images/uaemmn_neg_validation_000006.jpg","","AlowaisEtAl_Meteord_Detection_YOLO/YOLO_UAEMMN_NOTMETEORS/M20220925_191240_YAHER_C16P.jpg","42"
"validation","not_meteor","validation/images/uaemmn_neg_validation_000007.jpg","","AlowaisEtAl_Meteord_Detection_YOLO/YOLO_UAEMMN_NOTMETEORS/M20221007_040025_YAHER_C16P.jpg","42"
"validation","not_meteor","validation/images/uaemmn_neg_validation_000008.jpg","","AlowaisEtAl_Meteord_Detection_YOLO/YOLO_UAEMMN_NOTMETEORS/M20220922_022230_YAHER_C12P.jpg","42"
"validation","not_meteor","validation/images/uaemmn_neg_validation_000009.jpg","","AlowaisEtAl_Meteord_Detection_YOLO/YOLO_UAEMMN_NOTMETEORS/M20220923_193630_YAHER_C15P.jpg","42"
"validation","not_meteor","validation/images/uaemmn_neg_validation_000010.jpg","","AlowaisEtAl_Meteord_Detection_YOLO/YOLO_UAEMMN_NOTMETEORS/M20220923_030632_YAHER_C14P.jpg","42"
"validation","not_meteor","validation/images/uaemmn_neg_validation_000011.jpg","","AlowaisEtAl_Meteord_Detection_YOLO/YOLO_UAEMMN_NOTMETEORS/M20221009_201803_YAHER_C14P.jpg","42"
"validation","not_meteor","validation/images/uaemmn_neg_validation_000013.jpg","","AlowaisEtAl_Meteord_Detection_YOLO/YOLO_UAEMMN_NOTMETEORS/M20220919_224350_YAHER_C1P.jpg","42"
"validation","not_meteor","validation/images/uaemmn_neg_validation_000014.jpg","","AlowaisEtAl_Meteord_Detection_YOLO/YOLO_UAEMMN_NOTMETEORS/M20220917_043354_YAHER_C1P.jpg","42"
"validation","not_meteor","validation/images/uaemmn_neg_validation_000016.jpg","","AlowaisEtAl_Meteord_Detection_YOLO/YOLO_UAEMMN_NOTMETEORS/M20220922_023427_YAHER_C14P.jpg","42"
"validation","not_meteor","validation/images/uaemmn_neg_validation_000017.jpg","","AlowaisEtAl_Meteord_Detection_YOLO/YOLO_UAEMMN_NOTMETEORS/M20220920_005757_YAHER_C15P.jpg","42"
"validation","not_meteor","validation/images/uaemmn_neg_validation_000018.jpg","","AlowaisEtAl_Meteord_Detection_YOLO/YOLO_UAEMMN_NOTMETEORS/M20220922_190556_YAHER_C15P.jpg","42"
"validation","not_meteor","validation/images/uaemmn_neg_validation_000019.jpg","","AlowaisEtAl_Meteord_Detection_YOLO/YOLO_UAEMMN_NOTMETEORS/M20221004_222904_YAHER_C15P.jpg","42"
"validation","not_meteor","validation/images/uaemmn_neg_validation_000020.jpg","","AlowaisEtAl_Meteord_Detection_YOLO/YOLO_UAEMMN_NOTMETEORS/M20221002_020508_YAHER_C2P.jpg","42"
"validation","not_meteor","validation/images/uaemmn_neg_validation_000021.jpg","","AlowaisEtAl_Meteord_Detection_YOLO/YOLO_UAEMMN_NOTMETEORS/M20220920_045513_YAHER_C1P.jpg","42"
"validation","not_meteor","validation/images/uaemmn_neg_validation_000022.jpg","","AlowaisEtAl_Meteord_Detection_YOLO/YOLO_UAEMMN_NOTMETEORS/M20221009_031328_YAHER_C16P.jpg","42"
"validation","not_meteor","validation/images/uaemmn_neg_validation_000023.jpg","","AlowaisEtAl_Meteord_Detection_YOLO/YOLO_UAEMMN_NOTMETEORS/M20221005_014924_YAHER_C2P.jpg","42"
"validation","not_meteor","validation/images/uaemmn_neg_validation_000024.jpg","","AlowaisEtAl_Meteord_Detection_YOLO/YOLO_UAEMMN_NOTMETEORS/M20221003_032530_YAHER_C12P.jpg","42"
"validation","not_meteor","validation/images/uaemmn_neg_validation_000025.jpg","","AlowaisEtAl_Meteord_Detection_YOLO/YOLO_UAEMMN_NOTMETEORS/M20220925_000547_YAHER_C8P.jpg","42"
"validation","not_meteor","validation/images/uaemmn_neg_validation_000026.jpg","","AlowaisEtAl_Meteord_Detection_YOLO/YOLO_UAEMMN_NOTMETEORS/M20220925_185034_YAHER_C16P.jpg","42"
"validation","not_meteor","validation/images/uaemmn_neg_validation_000027.jpg","","AlowaisEtAl_Meteord_Detection_YOLO/YOLO_UAEMMN_NOTMETEORS/M20221005_195906_YAHER_C12P.jpg","42"
"validation","not_meteor","validation/images/uaemmn_neg_validation_000028.jpg","","AlowaisEtAl_Meteord_Detection_YOLO/YOLO_UAEMMN_NOTMETEORS/M20220919_003450_YAHER_C1P.jpg","42"
"validation","not_meteor","validation/images/uaemmn_neg_validation_000029.jpg","","AlowaisEtAl_Meteord_Detection_YOLO/YOLO_UAEMMN_NOTMETEORS/M20221007_033308_YAHER_C16P.jpg","42"
"validation","not_meteor","validation/images/uaemmn_neg_validation_000030.jpg","","AlowaisEtAl_Meteord_Detection_YOLO/YOLO_UAEMMN_NOTMETEORS/M20221003_195017_YAHER_C1P.jpg","42"
"validation","not_meteor","validation/images/uaemmn_neg_validation_000031.jpg","","AlowaisEtAl_Meteord_Detection_YOLO/YOLO_UAEMMN_NOTMETEORS/M20220928_202737_YAHER_C1P.jpg","42"
"validation","not_meteor","validation/images/uaemmn_neg_validation_000032.jpg","","AlowaisEtAl_Meteord_Detection_YOLO/YOLO_UAEMMN_NOTMETEORS/M20220930_223836_YAHER_C15P.jpg","42"
"validation","not_meteor","validation/images/uaemmn_neg_validation_000033.jpg","","AlowaisEtAl_Meteord_Detection_YOLO/YOLO_UAEMMN_NOTMETEORS/M20220930_025516_YAHER_C16P.jpg","42"
"validation","not_meteor","validation/images/uaemmn_neg_validation_000034.jpg","","AlowaisEtAl_Meteord_Detection_YOLO/YOLO_UAEMMN_NOTMETEORS/M20221002_034518_YAHER_C8P.jpg","42"
"validation","not_meteor","validation/images/uaemmn_neg_validation_000035.jpg","","AlowaisEtAl_Meteord_Detection_YOLO/YOLO_UAEMMN_NOTMETEORS/M20220923_185315_YAHER_C16P.jpg","42"
"validation","not_meteor","validation/images/uaemmn_neg_validation_000036.jpg","","AlowaisEtAl_Meteord_Detection_YOLO/YOLO_UAEMMN_NOTMETEORS/M20220920_231016_YAHER_C1P.jpg","42"
"validation","not_meteor","validation/images/uaemmn_neg_validation_000038.jpg","","AlowaisEtAl_Meteord_Detection_YOLO/YOLO_UAEMMN_NOTMETEORS/M20221011_025645_YAHER_C16P.jpg","42"
"validation","not_meteor","validation/images/uaemmn_neg_validation_000039.jpg","","AlowaisEtAl_Meteord_Detection_YOLO/YOLO_UAEMMN_NOTMETEORS/M20220927_014012_YAHER_C15P.jpg","42"
"validation","not_meteor","validation/images/uaemmn_neg_validation_000040.jpg","","AlowaisEtAl_Meteord_Detection_YOLO/YOLO_UAEMMN_NOTMETEORS/M20220922_024719_YAHER_C9P.jpg","42"
"validation","not_meteor","validation/images/uaemmn_neg_validation_000041.jpg","","AlowaisEtAl_Meteord_Detection_YOLO/YOLO_UAEMMN_NOTMETEORS/M20220919_233014_YAHER_C16P.jpg","42"
"validation","not_meteor","validation/images/uaemmn_neg_validation_000042.jpg","","AlowaisEtAl_Meteord_Detection_YOLO/YOLO_UAEMMN_NOTMETEORS/M20220923_203632_YAHER_C15P.jpg","42"
"validation","not_meteor","validation/images/uaemmn_neg_validation_000044.jpg","","AlowaisEtAl_Meteord_Detection_YOLO/YOLO_UAEMMN_NOTMETEORS/M20220924_202311_YAHER_C14P.jpg","42"
"validation","not_meteor","validation/images/uaemmn_neg_validation_000045.jpg","","AlowaisEtAl_Meteord_Detection_YOLO/YOLO_UAEMMN_NOTMETEORS/M20220922_222332_YAHER_C16P.jpg","42"
"validation","not_meteor","validation/images/uaemmn_neg_validation_000046.jpg","","AlowaisEtAl_Meteord_Detection_YOLO/YOLO_UAEMMN_NOTMETEORS/M20221010_034210_YAHER_C14P.jpg","42"
"validation","not_meteor","validation/images/uaemmn_neg_validation_000047.jpg","","AlowaisEtAl_Meteord_Detection_YOLO/YOLO_UAEMMN_NOTMETEORS/M20220922_210827_YAHER_C16P.jpg","42"
"validation","not_meteor","validation/images/uaemmn_neg_validation_000048.jpg","","AlowaisEtAl_Meteord_Detection_YOLO/YOLO_UAEMMN_NOTMETEORS/M20220928_192531_YAHER_C15P.jpg","42"
"validation","not_meteor","validation/images/uaemmn_neg_validation_000049.jpg","","AlowaisEtAl_Meteord_Detection_YOLO/YOLO_UAEMMN_NOTMETEORS/M20220925_225341_YAHER_C12P.jpg","42"
"validation","not_meteor","validation/images/uaemmn_neg_validation_000050.jpg","","AlowaisEtAl_Meteord_Detection_YOLO/YOLO_UAEMMN_NOTMETEORS/M20220930_235127_YAHER_C2P.jpg","42"
"validation","not_meteor","validation/images/uaemmn_neg_validation_000051.jpg","","AlowaisEtAl_Meteord_Detection_YOLO/YOLO_UAEMMN_NOTMETEORS/M20220930_043858_YAHER_C1P.jpg","42"
"validation","not_meteor","validation/images/uaemmn_neg_validation_000052.jpg","","AlowaisEtAl_Meteord_Detection_YOLO/YOLO_UAEMMN_NOTMETEORS/M20220917_220854_YAHER_C12P.jpg","42"
"validation","not_meteor","validation/images/uaemmn_neg_validation_000053.jpg","","AlowaisEtAl_Meteord_Detection_YOLO/YOLO_UAEMMN_NOTMETEORS/M20220929_045412_YAHER_C14P.jpg","42"
"validation","not_meteor","validation/images/uaemmn_neg_validation_000054.jpg","","AlowaisEtAl_Meteord_Detection_YOLO/YOLO_UAEMMN_NOTMETEORS/M20220920_031033_YAHER_C16P.jpg","42"
"validation","not_meteor","validation/images/uaemmn_neg_validation_000055.jpg","","AlowaisEtAl_Meteord_Detection_YOLO/YOLO_UAEMMN_NOTMETEORS/M20220919_050745_YAHER_C1P.jpg","42"
"validation","not_meteor","validation/images/uaemmn_neg_validation_000056.jpg","","AlowaisEtAl_Meteord_Detection_YOLO/YOLO_UAEMMN_NOTMETEORS/M20221002_002923_YAHER_C14P.jpg","42"
"validation","not_meteor","validation/images/uaemmn_neg_validation_000057.jpg","","AlowaisEtAl_Meteord_Detection_YOLO/YOLO_UAEMMN_NOTMETEORS/M20220930_025519_YAHER_C15P.jpg","42"
"validation","not_meteor","validation/images/uaemmn_neg_validation_000058.jpg","","AlowaisEtAl_Meteord_Detection_YOLO/YOLO_UAEMMN_NOTMETEORS/M20220924_025625_YAHER_C16P.jpg","42"
"validation","not_meteor","validation/images/uaemmn_neg_validation_000059.jpg","","AlowaisEtAl_Meteord_Detection_YOLO/YOLO_UAEMMN_NOTMETEORS/M20220925_225236_YAHER_C1P.jpg","42"
"validation","not_meteor","validation/images/uaemmn_neg_validation_000060.jpg","","AlowaisEtAl_Meteord_Detection_YOLO/YOLO_UAEMMN_NOTMETEORS/M20221003_185936_YAHER_C15P.jpg","42"
"validation","not_meteor","validation/images/uaemmn_neg_validation_000061.jpg","","AlowaisEtAl_Meteord_Detection_YOLO/YOLO_UAEMMN_NOTMETEORS/M20220919_045954_YAHER_C2P.jpg","42"
"validation","not_meteor","validation/images/uaemmn_neg_validation_000062.jpg","","AlowaisEtAl_Meteord_Detection_YOLO/YOLO_UAEMMN_NOTMETEORS/M20221007_185320_YAHER_C2P.jpg","42"
"validation","not_meteor","validation/images/uaemmn_neg_validation_000063.jpg","","AlowaisEtAl_Meteord_Detection_YOLO/YOLO_UAEMMN_NOTMETEORS/M20220927_001301_YAHER_C15P.jpg","42"
"validation","not_meteor","validation/images/uaemmn_neg_validation_000064.jpg","","AlowaisEtAl_Meteord_Detection_YOLO/YOLO_UAEMMN_NOTMETEORS/M20220921_194551_YAHER_C16P.jpg","42"
"validation","not_meteor","validation/images/uaemmn_neg_validation_000065.jpg","","AlowaisEtAl_Meteord_Detection_YOLO/YOLO_UAEMMN_NOTMETEORS/M20220930_204359_YAHER_C14P.jpg","42"
"validation","not_meteor","validation/images/uaemmn_neg_validation_000066.jpg","","AlowaisEtAl_Meteord_Detection_YOLO/YOLO_UAEMMN_NOTMETEORS/M20220927_022505_YAHER_C12P.jpg","42"
"validation","not_meteor","validation/images/uaemmn_neg_validation_000067.jpg","","AlowaisEtAl_Meteord_Detection_YOLO/YOLO_UAEMMN_NOTMETEORS/M20220926_032230_YAHER_C12P.jpg","42"
"validation","not_meteor","validation/images/uaemmn_neg_validation_000069.jpg","","AlowaisEtAl_Meteord_Detection_YOLO/YOLO_UAEMMN_NOTMETEORS/M20220918_194539_YAHER_C14P.jpg","42"
"validation","not_meteor","validation/images/uaemmn_neg_validation_000070.jpg","","AlowaisEtAl_Meteord_Detection_YOLO/YOLO_UAEMMN_NOTMETEORS/M20220918_232233_YAHER_C8P.jpg","42"
"validation","not_meteor","validation/images/uaemmn_neg_validation_000073.jpg","","AlowaisEtAl_Meteord_Detection_YOLO/YOLO_UAEMMN_NOTMETEORS/M20221006_223107_YAHER_C15P.jpg","42"
"test","not_meteor","test/images/uaemmn_neg_test_000000.jpg","","AlowaisEtAl_Meteord_Detection_YOLO/YOLO_UAEMMN_NOTMETEORS/M20221006_225104_YAHER_C14P.jpg","42"
"test","not_meteor","test/images/uaemmn_neg_test_000002.jpg","","AlowaisEtAl_Meteord_Detection_YOLO/YOLO_UAEMMN_NOTMETEORS/M20220917_022636_YAHER_C16P.jpg","42"
"test","not_meteor","test/images/uaemmn_neg_test_000003.jpg","","AlowaisEtAl_Meteord_Detection_YOLO/YOLO_UAEMMN_NOTMETEORS/M20220928_204742_YAHER_C16P.jpg","42"
"test","not_meteor","test/images/uaemmn_neg_test_000004.jpg","","AlowaisEtAl_Meteord_Detection_YOLO/YOLO_UAEMMN_NOTMETEORS/M20221004_215137_YAHER_C8P.jpg","42"
"test","not_meteor","test/images/uaemmn_neg_test_000005.jpg","","AlowaisEtAl_Meteord_Detection_YOLO/YOLO_UAEMMN_NOTMETEORS/M20220921_192117_YAHER_C1P.jpg","42"
"test","not_meteor","test/images/uaemmn_neg_test_000006.jpg","","AlowaisEtAl_Meteord_Detection_YOLO/YOLO_UAEMMN_NOTMETEORS/M20221007_005922_YAHER_C14P.jpg","42"
"test","not_meteor","test/images/uaemmn_neg_test_000007.jpg","","AlowaisEtAl_Meteord_Detection_YOLO/YOLO_UAEMMN_NOTMETEORS/M20220924_193055_YAHER_C12P.jpg","42"
"test","not_meteor","test/images/uaemmn_neg_test_000008.jpg","","AlowaisEtAl_Meteord_Detection_YOLO/YOLO_UAEMMN_NOTMETEORS/M20221008_213835_YAHER_C8P.jpg","42"
"test","not_meteor","test/images/uaemmn_neg_test_000009.jpg","","AlowaisEtAl_Meteord_Detection_YOLO/YOLO_UAEMMN_NOTMETEORS/M20220922_015830_YAHER_C8P.jpg","42"
"test","not_meteor","test/images/uaemmn_neg_test_000011.jpg","","AlowaisEtAl_Meteord_Detection_YOLO/YOLO_UAEMMN_NOTMETEORS/M20221007_193131_YAHER_C16P.jpg","42"
"test","not_meteor","test/images/uaemmn_neg_test_000012.jpg","","AlowaisEtAl_Meteord_Detection_YOLO/YOLO_UAEMMN_NOTMETEORS/M20221007_224217_YAHER_C15P.jpg","42"
"test","not_meteor","test/images/uaemmn_neg_test_000013.jpg","","AlowaisEtAl_Meteord_Detection_YOLO/YOLO_UAEMMN_NOTMETEORS/M20220917_200731_YAHER_C1P.jpg","42"
"test","not_meteor","test/images/uaemmn_neg_test_000014.jpg","","AlowaisEtAl_Meteord_Detection_YOLO/YOLO_UAEMMN_NOTMETEORS/M20220930_031945_YAHER_C15P.jpg","42"
"test","not_meteor","test/images/uaemmn_neg_test_000015.jpg","","AlowaisEtAl_Meteord_Detection_YOLO/YOLO_UAEMMN_NOTMETEORS/M20221001_001608_YAHER_C1P.jpg","42"
"test","not_meteor","test/images/uaemmn_neg_test_000016.jpg","","AlowaisEtAl_Meteord_Detection_YOLO/YOLO_UAEMMN_NOTMETEORS/M20220927_210010_YAHER_C1P.jpg","42"
"test","not_meteor","test/images/uaemmn_neg_test_000017.jpg","","AlowaisEtAl_Meteord_Detection_YOLO/YOLO_UAEMMN_NOTMETEORS/M20221005_052235_YAHER_C8P.jpg","42"
"test","not_meteor","test/images/uaemmn_neg_test_000018.jpg","","AlowaisEtAl_Meteord_Detection_YOLO/YOLO_UAEMMN_NOTMETEORS/M20220924_043358_YAHER_C8P.jpg","42"
"test","not_meteor","test/images/uaemmn_neg_test_000019.jpg","","AlowaisEtAl_Meteord_Detection_YOLO/YOLO_UAEMMN_NOTMETEORS/M20221006_185745_YAHER_C1P.jpg","42"
"test","not_meteor","test/images/uaemmn_neg_test_000021.jpg","","AlowaisEtAl_Meteord_Detection_YOLO/YOLO_UAEMMN_NOTMETEORS/M20221001_024210_YAHER_C15P.jpg","42"
"test","not_meteor","test/images/uaemmn_neg_test_000022.jpg","","AlowaisEtAl_Meteord_Detection_YOLO/YOLO_UAEMMN_NOTMETEORS/M20221005_193825_YAHER_C15P.jpg","42"
"test","not_meteor","test/images/uaemmn_neg_test_000023.jpg","","AlowaisEtAl_Meteord_Detection_YOLO/YOLO_UAEMMN_NOTMETEORS/M20221004_193040_YAHER_C12P.jpg","42"
"test","not_meteor","test/images/uaemmn_neg_test_000024.jpg","","AlowaisEtAl_Meteord_Detection_YOLO/YOLO_UAEMMN_NOTMETEORS/M20221007_202150_YAHER_C14P.jpg","42"
"test","not_meteor","test/images/uaemmn_neg_test_000025.jpg","","AlowaisEtAl_Meteord_Detection_YOLO/YOLO_UAEMMN_NOTMETEORS/M20221005_023835_YAHER_C15P.jpg","42"
"test","not_meteor","test/images/uaemmn_neg_test_000026.jpg","","AlowaisEtAl_Meteord_Detection_YOLO/YOLO_UAEMMN_NOTMETEORS/M20220922_232047_YAHER_C16P.jpg","42"
"test","not_meteor","test/images/uaemmn_neg_test_000027.jpg","","AlowaisEtAl_Meteord_Detection_YOLO/YOLO_UAEMMN_NOTMETEORS/M20221003_014723_YAHER_C12P.jpg","42"
"test","not_meteor","test/images/uaemmn_neg_test_000028.jpg","","AlowaisEtAl_Meteord_Detection_YOLO/YOLO_UAEMMN_NOTMETEORS/M20220925_050615_YAHER_C9P.jpg","42"
"test","not_meteor","test/images/uaemmn_neg_test_000029.jpg","","AlowaisEtAl_Meteord_Detection_YOLO/YOLO_UAEMMN_NOTMETEORS/M20221007_231001_YAHER_C15P.jpg","42"
"test","not_meteor","test/images/uaemmn_neg_test_000031.jpg","","AlowaisEtAl_Meteord_Detection_YOLO/YOLO_UAEMMN_NOTMETEORS/M20220930_045045_YAHER_C2P.jpg","42"
"test","not_meteor","test/images/uaemmn_neg_test_000032.jpg","","AlowaisEtAl_Meteord_Detection_YOLO/YOLO_UAEMMN_NOTMETEORS/M20220920_020820_YAHER_C16P.jpg","42"
"test","not_meteor","test/images/uaemmn_neg_test_000033.jpg","","AlowaisEtAl_Meteord_Detection_YOLO/YOLO_UAEMMN_NOTMETEORS/M20220930_025130_YAHER_C14P.jpg","42"
"test","not_meteor","test/images/uaemmn_neg_test_000035.jpg","","AlowaisEtAl_Meteord_Detection_YOLO/YOLO_UAEMMN_NOTMETEORS/M20221004_215458_YAHER_C15P.jpg","42"
"test","not_meteor","test/images/uaemmn_neg_test_000036.jpg","","AlowaisEtAl_Meteord_Detection_YOLO/YOLO_UAEMMN_NOTMETEORS/M20221009_021704_YAHER_C16P.jpg","42"
"test","not_meteor","test/images/uaemmn_neg_test_000037.jpg","","AlowaisEtAl_Meteord_Detection_YOLO/YOLO_UAEMMN_NOTMETEORS/M20220921_194507_YAHER_C16P.jpg","42"
"test","not_meteor","test/images/uaemmn_neg_test_000039.jpg","","AlowaisEtAl_Meteord_Detection_YOLO/YOLO_UAEMMN_NOTMETEORS/M20221006_002240_YAHER_C16P.jpg","42"
"test","not_meteor","test/images/uaemmn_neg_test_000040.jpg","","AlowaisEtAl_Meteord_Detection_YOLO/YOLO_UAEMMN_NOTMETEORS/M20220929_194425_YAHER_C8P.jpg","42"
"test","not_meteor","test/images/uaemmn_neg_test_000041.jpg","","AlowaisEtAl_Meteord_Detection_YOLO/YOLO_UAEMMN_NOTMETEORS/M20220921_042305_YAHER_C14P.jpg","42"
"test","not_meteor","test/images/uaemmn_neg_test_000042.jpg","","AlowaisEtAl_Meteord_Detection_YOLO/YOLO_UAEMMN_NOTMETEORS/M20220925_184631_YAHER_C16P.jpg","42"
"test","not_meteor","test/images/uaemmn_neg_test_000043.jpg","","AlowaisEtAl_Meteord_Detection_YOLO/YOLO_UAEMMN_NOTMETEORS/M20220917_002316_YAHER_C2P.jpg","42"
"test","not_meteor","test/images/uaemmn_neg_test_000044.jpg","","AlowaisEtAl_Meteord_Detection_YOLO/YOLO_UAEMMN_NOTMETEORS/M20220922_205459_YAHER_C15P.jpg","42"
"test","not_meteor","test/images/uaemmn_neg_test_000045.jpg","","AlowaisEtAl_Meteord_Detection_YOLO/YOLO_UAEMMN_NOTMETEORS/M20221003_193248_YAHER_C1P.jpg","42"
"test","not_meteor","test/images/uaemmn_neg_test_000046.jpg","","AlowaisEtAl_Meteord_Detection_YOLO/YOLO_UAEMMN_NOTMETEORS/M20221001_201553_YAHER_C8P.jpg","42"
"test","not_meteor","test/images/uaemmn_neg_test_000048.jpg","","AlowaisEtAl_Meteord_Detection_YOLO/YOLO_UAEMMN_NOTMETEORS/M20221004_020528_YAHER_C2P.jpg","42"
"test","not_meteor","test/images/uaemmn_neg_test_000049.jpg","","AlowaisEtAl_Meteord_Detection_YOLO/YOLO_UAEMMN_NOTMETEORS/M20220926_014916_YAHER_C12P.jpg","42"
"test","not_meteor","test/images/uaemmn_neg_test_000050.jpg","","AlowaisEtAl_Meteord_Detection_YOLO/YOLO_UAEMMN_NOTMETEORS/M20220924_020950_YAHER_C16P.jpg","42"
"test","not_meteor","test/images/uaemmn_neg_test_000051.jpg","","AlowaisEtAl_Meteord_Detection_YOLO/YOLO_UAEMMN_NOTMETEORS/M20220927_190627_YAHER_C14P.jpg","42"
"test","not_meteor","test/images/uaemmn_neg_test_000053.jpg","","AlowaisEtAl_Meteord_Detection_YOLO/YOLO_UAEMMN_NOTMETEORS/M20220922_225930_YAHER_C16P.jpg","42"
"test","not_meteor","test/images/uaemmn_neg_test_000054.jpg","","AlowaisEtAl_Meteord_Detection_YOLO/YOLO_UAEMMN_NOTMETEORS/M20221006_012951_YAHER_C3P.jpg","42"
"test","not_meteor","test/images/uaemmn_neg_test_000055.jpg","","AlowaisEtAl_Meteord_Detection_YOLO/YOLO_UAEMMN_NOTMETEORS/M20221006_202000_YAHER_C1P.jpg","42"
"test","not_meteor","test/images/uaemmn_neg_test_000056.jpg","","AlowaisEtAl_Meteord_Detection_YOLO/YOLO_UAEMMN_NOTMETEORS/M20220925_031236_YAHER_C12P.jpg","42"
"test","not_meteor","test/images/uaemmn_neg_test_000057.jpg","","AlowaisEtAl_Meteord_Detection_YOLO/YOLO_UAEMMN_NOTMETEORS/M20220917_234647_YAHER_C2P.jpg","42"
"test","not_meteor","test/images/uaemmn_neg_test_000058.jpg","","AlowaisEtAl_Meteord_Detection_YOLO/YOLO_UAEMMN_NOTMETEORS/M20221002_015054_YAHER_C11P.jpg","42"
"test","not_meteor","test/images/uaemmn_neg_test_000059.jpg","","AlowaisEtAl_Meteord_Detection_YOLO/YOLO_UAEMMN_NOTMETEORS/M20220930_031118_YAHER_C12P.jpg","42"
"test","not_meteor","test/images/uaemmn_neg_test_000060.jpg","","AlowaisEtAl_Meteord_Detection_YOLO/YOLO_UAEMMN_NOTMETEORS/M20220922_042517_YAHER_C1P.jpg","42"
"test","not_meteor","test/images/uaemmn_neg_test_000061.jpg","","AlowaisEtAl_Meteord_Detection_YOLO/YOLO_UAEMMN_NOTMETEORS/M20221001_223408_YAHER_C14P.jpg","42"
"test","not_meteor","test/images/uaemmn_neg_test_000062.jpg","","AlowaisEtAl_Meteord_Detection_YOLO/YOLO_UAEMMN_NOTMETEORS/M20220930_214101_YAHER_C1P.jpg","42"
"test","not_meteor","test/images/uaemmn_neg_test_000063.jpg","","AlowaisEtAl_Meteord_Detection_YOLO/YOLO_UAEMMN_NOTMETEORS/M20220921_001652_YAHER_C1P.jpg","42"
"test","not_meteor","test/images/uaemmn_neg_test_000064.jpg","","AlowaisEtAl_Meteord_Detection_YOLO/YOLO_UAEMMN_NOTMETEORS/M20221002_014422_YAHER_C10P.jpg","42"
"test","not_meteor","test/images/uaemmn_neg_test_000065.jpg","","AlowaisEtAl_Meteord_Detection_YOLO/YOLO_UAEMMN_NOTMETEORS/M20220925_011207_YAHER_C9P.jpg","42"
"test","not_meteor","test/images/uaemmn_neg_test_000066.jpg","","AlowaisEtAl_Meteord_Detection_YOLO/YOLO_UAEMMN_NOTMETEORS/M20221006_042218_YAHER_C15P.jpg","42"
"test","not_meteor","test/images/uaemmn_neg_test_000067.jpg","","AlowaisEtAl_Meteord_Detection_YOLO/YOLO_UAEMMN_NOTMETEORS/M20220921_223120_YAHER_C15P.jpg","42"
"test","not_meteor","test/images/uaemmn_neg_test_000068.jpg","","AlowaisEtAl_Meteord_Detection_YOLO/YOLO_UAEMMN_NOTMETEORS/M20220919_185547_YAHER_C16P.jpg","42"
"test","not_meteor","test/images/uaemmn_neg_test_000069.jpg","","AlowaisEtAl_Meteord_Detection_YOLO/YOLO_UAEMMN_NOTMETEORS/M20220926_185702_YAHER_C15P.jpg","42"
"test","not_meteor","test/images/uaemmn_neg_test_000070.jpg","","AlowaisEtAl_Meteord_Detection_YOLO/YOLO_UAEMMN_NOTMETEORS/M20220929_224056_YAHER_C12P.jpg","42"
"test","not_meteor","test/images/uaemmn_neg_test_000071.jpg","","AlowaisEtAl_Meteord_Detection_YOLO/YOLO_UAEMMN_NOTMETEORS/M20220929_190321_YAHER_C1P.jpg","42"
"test","not_meteor","test/images/uaemmn_neg_test_000072.jpg","","AlowaisEtAl_Meteord_Detection_YOLO/YOLO_UAEMMN_NOTMETEORS/M20220927_193924_YAHER_C1P.jpg","42"
"test","not_meteor","test/images/uaemmn_neg_test_000073.jpg","","AlowaisEtAl_Meteord_Detection_YOLO/YOLO_UAEMMN_NOTMETEORS/M20221005_190520_YAHER_C14P.jpg","42"
